ticker,date,open,high,low,close
SYRUP,2022-05-15,23.2651,23.5521,23.0623,23.332
SYRUP,2022-05-16,23.8633,24.982,23.3722,24.1925
SYRUP,2022-05-17,23.9537,24.0,23.42,23.6
SYRUP,2022-05-18,23.55,24.07,23.01,23.14
SYRUP,2022-05-19,23.17,24.59,22.36,23.57
SYRUP,2022-05-20,24.52,25.13,23.43,24.2
SYRUP,2022-05-21,24.19,24.44,23.87,24.15
SYRUP,2022-05-22,24.15,26.97,22.68,23.93
SYRUP,2022-05-23,23.95,25.87,23.31,23.63
SYRUP,2022-05-24,23.63,24.15,22.56,22.91
SYRUP,2022-05-25,22.89,23.05,22.5,22.89
SYRUP,2022-05-26,22.83,23.09,21.45,21.56
SYRUP,2022-05-27,21.75,23.32,21.03,21.94
SYRUP,2022-05-28,21.94,22.22,21.3,21.43
SYRUP,2022-05-29,21.44,21.7,21.24,21.42
SYRUP,2022-05-30,21.43,23.37,21.4,23.23
SYRUP,2022-05-31,23.23,28.91,23.22,27.4
SYRUP,2022-06-01,27.39,27.9,26.35,26.94
SYRUP,2022-06-02,26.98,29.75,26.91,28.92
SYRUP,2022-06-03,28.96,31.38,28.77,29.17
SYRUP,2022-06-04,28.97,29.27,28.38,28.69
SYRUP,2022-06-05,28.68,28.72,27.52,27.56
SYRUP,2022-06-06,27.55,28.19,27.5,27.71
SYRUP,2022-06-07,27.74,29.44,27.65,28.59
SYRUP,2022-06-08,28.53,28.57,27.69,28.15
SYRUP,2022-06-09,27.9815,29.4605,27.9815,29.0976
SYRUP,2022-06-10,29.0976,29.2619,20.9795,27.6148
SYRUP,2022-06-11,27.84,28.0,26.91,27.36
SYRUP,2022-06-12,27.37,27.4,23.53,23.53
SYRUP,2022-06-13,23.53,23.61,18.51,18.7
SYRUP,2022-06-14,18.7,19.51,18.22,19.08
SYRUP,2022-06-15,19.14,19.2,15.52,16.15
SYRUP,2022-06-16,16.71,17.7058,16.0891,16.8652
SYRUP,2022-06-17,16.5128,16.69,16.0962,16.6
SYRUP,2022-06-18,16.59,16.62,14.4,14.93
SYRUP,2022-06-19,14.9291,16.1286,14.9291,15.7765
SYRUP,2022-06-20,15.483,16.4019,14.162,16.2661
SYRUP,2022-06-21,16.333,16.47,15.6981,15.9
SYRUP,2022-06-22,15.92,16.21,15.37,15.42
SYRUP,2022-06-23,15.39,15.4,14.08,14.3
SYRUP,2022-06-24,14.21,15.0,13.7201,14.35
SYRUP,2022-06-25,14.35,14.85,14.29,14.43
SYRUP,2022-06-26,14.47,14.95,14.46,14.62
SYRUP,2022-06-27,14.62,14.88,14.12,14.27
SYRUP,2022-06-28,14.27,14.63,13.93,13.98
SYRUP,2022-06-29,13.98,14.25,11.01,11.04
SYRUP,2022-06-30,11.04,11.39,8.25,8.64
SYRUP,2022-07-01,8.62,9.38,8.35,9.08
SYRUP,2022-07-02,9.07,9.07,8.44,8.55
SYRUP,2022-07-03,8.48,8.48,7.9,8.19
SYRUP,2022-07-04,8.11,9.24,7.98,8.52
SYRUP,2022-07-05,8.51,9.42,8.41,9.06
SYRUP,2022-07-06,8.99,9.48,8.55,8.61
SYRUP,2022-07-07,8.58,8.96,8.25,8.53
SYRUP,2022-07-08,8.51,9.1,7.97,9.03
SYRUP,2022-07-09,9.05,10.61,8.87,10.1
SYRUP,2022-07-10,10.26,12.34,8.54907,10.0982
SYRUP,2022-07-11,10.0442,10.9869,9.54847,10.4375
SYRUP,2022-07-12,10.29,10.67,9.56,9.59
SYRUP,2022-07-13,9.57,9.93,9.02,9.66399
SYRUP,2022-07-14,9.70456,10.98,9.70456,10.84
SYRUP,2022-07-15,10.87,14.5,10.65,13.33
SYRUP,2022-07-16,13.42,14.7,12.89,13.62
SYRUP,2022-07-17,13.66,14.06,12.96,13.21
SYRUP,2022-07-18,13.75,14.72,13.59,14.25
SYRUP,2022-07-19,14.22,14.96,13.87,14.74
SYRUP,2022-07-20,14.69,14.88,13.39,13.76
SYRUP,2022-07-21,13.81,14.69,13.63,14.52
SYRUP,2022-07-22,14.51,14.76,14.01,14.26
SYRUP,2022-07-23,14.08,14.77,14.08,14.21
SYRUP,2022-07-24,14.19,14.62,13.93,14.59
SYRUP,2022-07-25,14.59,15.0,14.06,14.79
SYRUP,2022-07-26,14.7379,14.9047,12.72,12.73
SYRUP,2022-07-27,12.73,13.44,12.48,13.23
SYRUP,2022-07-28,13.24,14.9,13.15,14.78
SYRUP,2022-07-29,14.86,15.96,14.25,15.96
SYRUP,2022-07-30,16.84,17.24,15.46,16.69
SYRUP,2022-07-31,16.69,16.72,15.76,15.88
SYRUP,2022-08-01,15.76,16.23,14.85,15.6
SYRUP,2022-08-02,15.63,15.7,15.366,15.398
SYRUP,2022-08-03,15.3903,15.5672,15.2571,15.5658
SYRUP,2022-08-04,15.6,15.67,15.09,15.25
SYRUP,2022-08-05,14.8087,15.5456,14.5906,15.06
SYRUP,2022-08-06,14.84,17.2,14.84,15.66
SYRUP,2022-08-07,15.64,17.1,15.63,16.03
SYRUP,2022-08-08,16.03,16.92,15.81,16.23
SYRUP,2022-08-09,15.8425,17.6807,15.3364,16.6632
SYRUP,2022-08-10,16.55,17.6193,16.1488,17.1656
SYRUP,2022-08-11,17.2358,18.5,17.1207,17.7671
SYRUP,2022-08-12,17.7685,54.0275,17.7685,23.5108
SYRUP,2022-08-13,23.5108,23.9879,20.7549,21.1886
SYRUP,2022-08-14,21.3049,22.4507,20.3881,20.7358
SYRUP,2022-08-15,20.4277,21.1293,19.2395,19.2408
SYRUP,2022-08-16,19.2408,19.8709,18.1219,18.3943
SYRUP,2022-08-17,18.3943,19.6043,18.1202,18.8028
SYRUP,2022-08-18,18.8032,19.8973,18.6702,19.2368
SYRUP,2022-08-19,19.2362,19.2381,17.0432,17.2269
SYRUP,2022-08-20,17.0665,23.3642,16.49,16.7553
SYRUP,2022-08-21,16.4298,17.048,16.2494,16.6435
SYRUP,2022-08-22,16.7353,16.8795,16.2422,16.8765
SYRUP,2022-08-23,16.877,17.3917,16.7348,17.1421
SYRUP,2022-08-24,17.52,18.2,17.45,18.1
SYRUP,2022-08-25,18.0229,18.8378,18.0212,18.3936
SYRUP,2022-08-26,18.3922,38.8027,18.3581,18.3654
SYRUP,2022-08-27,18.3654,18.7413,17.6117,18.19
SYRUP,2022-08-28,18.51,18.57,17.79,17.83
SYRUP,2022-08-29,17.84,18.21,16.51,17.73
SYRUP,2022-08-30,17.7,18.3431,17.62,18.3424
SYRUP,2022-08-31,18.4166,18.4654,17.772,18.4637
SYRUP,2022-09-01,18.67,18.85,18.03,18.25
SYRUP,2022-09-02,18.1,18.15,17.763,17.9849
SYRUP,2022-09-03,17.853,18.87,17.7781,18.6385
SYRUP,2022-09-04,18.75,19.4,18.68,19.04
SYRUP,2022-09-05,19.13,19.6509,18.7,19.4084
SYRUP,2022-09-06,19.4103,19.8988,18.8566,18.8585
SYRUP,2022-09-07,18.6713,20.3168,18.55,19.9952
SYRUP,2022-09-08,20.5023,23.6292,20.1184,23.6292
SYRUP,2022-09-09,23.3991,24.3406,22.2691,23.0251
SYRUP,2022-09-10,23.0246,23.7858,23.0246,23.782
SYRUP,2022-09-11,23.68,23.7,22.24,23.01
SYRUP,2022-09-12,23.01,23.34,22.63,22.93
SYRUP,2022-09-13,22.93,23.02,20.89,21.2
SYRUP,2022-09-14,21.18,22.26,21.18,22.09
SYRUP,2022-09-15,22.07,22.07,21.31,21.86
SYRUP,2022-09-16,21.9,21.91,20.42,21.04
SYRUP,2022-09-17,21.04,21.7,20.52,21.69
SYRUP,2022-09-18,21.7,22.6,21.08,21.08
SYRUP,2022-09-19,21.08,21.1,19.86,19.97
SYRUP,2022-09-20,20.05,20.05,18.64,19.05
SYRUP,2022-09-21,19.19,19.53,18.11,18.1944
SYRUP,2022-09-22,18.1195,18.86,18.1177,18.72
SYRUP,2022-09-23,18.42,18.49,17.56,18.45
SYRUP,2022-09-24,18.48,19.25,17.68,18.98
SYRUP,2022-09-25,18.91,19.09,18.74,18.8
SYRUP,2022-09-26,18.44,18.89,17.89,18.67
SYRUP,2022-09-27,18.67,18.95,18.04,18.32
SYRUP,2022-09-28,18.34,18.58,17.3,17.43
SYRUP,2022-09-29,17.47,17.48,17.1,17.33
SYRUP,2022-09-30,17.56,18.03,17.55,17.97
SYRUP,2022-10-01,17.96,18.45,17.95,18.19
SYRUP,2022-10-02,18.178,18.221,17.79,17.95
SYRUP,2022-10-03,17.95,17.98,17.81,17.93
SYRUP,2022-10-04,17.93,18.42,17.85,18.37
SYRUP,2022-10-05,18.34,18.35,17.48,17.9
SYRUP,2022-10-06,17.88,17.92,17.36,17.36
SYRUP,2022-10-07,17.36,17.46,17.09,17.24
SYRUP,2022-10-08,17.2491,17.2581,16.9685,17.0623
SYRUP,2022-10-09,17.2197,17.2197,16.695,16.7924
SYRUP,2022-10-10,16.6563,16.756,16.3164,16.3164
SYRUP,2022-10-11,16.2034,16.2034,15.5526,15.66
SYRUP,2022-10-12,15.65,15.77,15.55,15.6533
SYRUP,2022-10-13,15.6248,15.6523,15.106,15.3
SYRUP,2022-10-14,15.3,15.96,15.3,15.73
SYRUP,2022-10-15,15.71,16.76,15.63,15.84
SYRUP,2022-10-16,15.9,16.3,15.61,15.61
SYRUP,2022-10-17,15.65,15.71,15.03,15.04
SYRUP,2022-10-18,15.0308,15.1324,14.9194,15.0568
SYRUP,2022-10-19,14.74,14.79,14.6,14.77
SYRUP,2022-10-20,14.68,14.71,13.73,14.27
SYRUP,2022-10-21,14.43,14.52,14.29,14.31
SYRUP,2022-10-22,14.41,14.43,14.14,14.4
SYRUP,2022-10-23,14.1086,14.3144,14.0901,14.2853
SYRUP,2022-10-24,14.3174,14.4129,14.2154,14.3734
SYRUP,2022-10-25,14.309,16.0303,14.2061,15.14
SYRUP,2022-10-26,15.08,16.19,15.03,15.63
SYRUP,2022-10-27,15.64,16.2302,14.7916,14.7916
SYRUP,2022-10-28,15.1002,15.1011,14.62,15.0752
SYRUP,2022-10-29,14.97,15.7413,14.79,14.9222
SYRUP,2022-10-30,14.9227,15.2035,14.8247,14.8591
SYRUP,2022-10-31,14.7981,14.9005,14.1529,14.23
SYRUP,2022-11-01,14.21,14.32,13.99,14.11
SYRUP,2022-11-02,14.11,14.2,13.39,13.44
SYRUP,2022-11-03,13.6366,14.3196,13.533,14.3196
SYRUP,2022-11-04,14.3186,14.3186,13.6413,13.998
SYRUP,2022-11-05,13.94,14.05,13.66,13.66
SYRUP,2022-11-06,13.62,13.67,12.92,13.05
SYRUP,2022-11-07,13.09,13.38,12.94,13.25
SYRUP,2022-11-08,13.3883,13.3883,10.46,11.0526
SYRUP,2022-11-09,10.7276,10.7319,7.5658,7.78487
SYRUP,2022-11-10,7.75796,9.51279,7.60395,8.6735
SYRUP,2022-11-11,8.39,8.83,7.72,7.84
SYRUP,2022-11-12,8.09,8.48,7.82,7.97
SYRUP,2022-11-13,8.02,8.73,7.73,8.52
SYRUP,2022-11-14,8.37,9.0,7.85,8.56
SYRUP,2022-11-15,8.72,9.25,8.33,9.1
SYRUP,2022-11-16,8.78866,9.33584,8.5529,8.55624
SYRUP,2022-11-17,8.66354,9.8,8.56223,9.53
SYRUP,2022-11-18,9.56,9.91,8.77,8.94
SYRUP,2022-11-19,8.85,9.3,8.71,9.06
SYRUP,2022-11-20,8.99,9.10442,8.72,8.7917
SYRUP,2022-11-21,8.82756,8.9492,8.34905,8.40091
SYRUP,2022-11-22,8.37885,8.63562,8.31235,8.48255
SYRUP,2022-11-23,8.4486,8.57969,7.90742,8.42472
SYRUP,2022-11-24,8.40742,9.50563,7.06242,8.7241
SYRUP,2022-11-25,6.88339,10.0176,6.8827,8.49
SYRUP,2022-11-26,8.48,8.58,8.41,8.44
SYRUP,2022-11-27,8.38,10.9525,7.63696,8.75474
SYRUP,2022-11-28,8.66332,8.66332,7.98852,8.22339
SYRUP,2022-11-29,7.83,7.83,6.7,6.98
SYRUP,2022-11-30,6.99,7.49,6.36,6.58
SYRUP,2022-12-01,6.58,6.83,6.52,6.66
SYRUP,2022-12-02,6.67,6.97028,6.23394,6.90041
SYRUP,2022-12-03,6.89521,7.87279,6.64653,6.87269
SYRUP,2022-12-04,7.03,7.30619,6.75,6.88
SYRUP,2022-12-05,6.33,6.47,4.8,5.55
SYRUP,2022-12-06,5.5,5.87,4.5,4.74
SYRUP,2022-12-07,4.75,4.92,4.38,4.53
SYRUP,2022-12-08,4.55,4.64,4.22,4.35
SYRUP,2022-12-09,4.4,4.67,4.35,4.37
SYRUP,2022-12-10,4.37,4.37,4.03,4.18
SYRUP,2022-12-11,4.18,4.28,4.09,4.11
SYRUP,2022-12-12,4.32643,4.59446,3.86446,4.02036
SYRUP,2022-12-13,4.02136,4.10037,3.36016,3.7611
SYRUP,2022-12-14,3.7621,4.55618,3.55486,4.20725
SYRUP,2022-12-15,3.926,4.13683,3.68874,3.68874
SYRUP,2022-12-16,3.80676,3.87939,3.301,3.36767
SYRUP,2022-12-17,3.43569,3.99964,3.29139,3.99964
SYRUP,2022-12-18,3.99912,3.99916,3.23032,3.25339
SYRUP,2022-12-19,3.41,3.82015,3.23,3.23413
SYRUP,2022-12-20,3.23303,3.84919,3.22603,3.61625
SYRUP,2022-12-21,3.28,3.94,3.2,3.42
SYRUP,2022-12-22,3.41,3.43,3.16,3.2
SYRUP,2022-12-23,3.40645,3.50361,3.12,3.17
SYRUP,2022-12-24,3.17,3.37,3.14,3.22781
SYRUP,2022-12-25,3.23184,3.38949,3.08954,3.22852
SYRUP,2022-12-26,3.23964,3.26867,2.95744,3.1863
SYRUP,2022-12-27,3.14443,3.37529,2.96281,3.10585
SYRUP,2022-12-28,3.23045,3.50432,3.04902,3.11426
SYRUP,2022-12-29,3.06843,3.22938,2.94764,2.94764
SYRUP,2022-12-30,3.03061,3.12631,2.84957,2.97445
SYRUP,2022-12-31,3.04651,3.04651,2.6436,2.78761
SYRUP,2023-01-01,2.82859,2.86257,2.65575,2.75579
SYRUP,2023-01-02,2.65378,3.27,2.63989,3.12
SYRUP,2023-01-03,3.12,3.34,2.9,2.94
SYRUP,2023-01-04,2.95185,3.22265,2.72988,2.90104
SYRUP,2023-01-05,2.93803,3.07277,2.91815,3.01391
SYRUP,2023-01-06,3.06893,3.56725,2.94585,3.06311
SYRUP,2023-01-07,3.27255,3.96727,3.01906,3.23999
SYRUP,2023-01-08,3.14556,3.53936,2.79334,3.08954
SYRUP,2023-01-09,3.08944,3.77,2.87834,3.53
SYRUP,2023-01-10,3.44997,4.75,3.44997,4.69
SYRUP,2023-01-11,4.81,6.2,4.32,4.63
SYRUP,2023-01-12,4.62,5.43,4.61,5.17
SYRUP,2023-01-13,5.10041,5.19012,4.6814,4.75047
SYRUP,2023-01-14,5.16,5.25,4.75,5.12
SYRUP,2023-01-15,5.05,5.1,4.76,5.07
SYRUP,2023-01-16,5.12549,5.57723,4.9521,4.9861
SYRUP,2023-01-17,5.00715,6.5,4.95645,5.95
SYRUP,2023-01-18,5.95,6.2,5.19,5.21
SYRUP,2023-01-19,5.24,5.82,5.19,5.65
SYRUP,2023-01-20,5.65,5.89,5.25,5.89
SYRUP,2023-01-21,5.9,6.04,5.56,5.64
SYRUP,2023-01-22,5.84193,6.02721,5.62,5.91006
SYRUP,2023-01-23,5.78,6.46,5.66179,6.4
SYRUP,2023-01-24,6.36,6.42,5.98,6.06
SYRUP,2023-01-25,5.89,6.53,5.78,6.18
SYRUP,2023-01-26,6.13,6.39,6.02,6.27
SYRUP,2023-01-27,6.28,6.65,6.16,6.41
SYRUP,2023-01-28,6.44748,6.66573,6.21,6.31
SYRUP,2023-01-29,6.32,6.7182,6.24,6.69747
SYRUP,2023-01-30,6.5762,7.07242,6.157,6.25644
SYRUP,2023-01-31,6.34032,6.42861,6.10063,6.26856
SYRUP,2023-02-01,6.25731,6.77634,6.22619,6.75947
SYRUP,2023-02-02,6.7572,7.37,6.50756,7.04
SYRUP,2023-02-03,7.01,7.24,6.73,7.22
SYRUP,2023-02-04,7.17,7.25,6.88,7.09
SYRUP,2023-02-05,7.09464,7.24772,6.7,6.98
SYRUP,2023-02-06,6.95,7.5,6.84,7.05
SYRUP,2023-02-07,7.13,8.38,7.01,8.23
SYRUP,2023-02-08,8.2,8.52,7.26,7.43
SYRUP,2023-02-09,7.4,7.66,6.85,6.86
SYRUP,2023-02-10,6.89,7.03,5.19,6.2
SYRUP,2023-02-11,6.19,6.33,5.83,5.99
SYRUP,2023-02-12,5.99,6.13,5.75,5.8
SYRUP,2023-02-13,5.8,5.82,5.1,5.32
SYRUP,2023-02-14,5.39069,5.87505,5.28786,5.73
SYRUP,2023-02-15,5.54,5.74161,5.38,5.58
SYRUP,2023-02-16,5.59,6.94,5.54,5.9
SYRUP,2023-02-17,5.75,6.0,5.62,5.73
SYRUP,2023-02-18,5.72,5.89018,5.57,5.77598
SYRUP,2023-02-19,5.75386,5.95795,5.53127,5.57828
SYRUP,2023-02-20,5.61,5.67,5.42,5.54933
SYRUP,2023-02-21,5.5275,5.79793,5.12921,5.23589
SYRUP,2023-02-22,5.25189,5.4462,5.06546,5.12315
SYRUP,2023-02-23,4.97755,5.44234,4.97755,5.3601
SYRUP,2023-02-24,5.40851,5.5086,5.1026,5.29265
SYRUP,2023-02-25,5.29831,5.69334,5.0264,5.14946
SYRUP,2023-02-26,5.18471,5.34988,5.11156,5.23532
SYRUP,2023-02-27,5.23587,5.35926,4.71229,4.77044
SYRUP,2023-02-28,4.81394,4.89005,4.0179,4.7504
SYRUP,2023-03-01,4.7537,5.25145,4.42598,5.10227
SYRUP,2023-03-02,5.06126,5.11617,4.60068,4.97505
SYRUP,2023-03-03,4.96585,5.0291,4.24611,4.53342
SYRUP,2023-03-04,4.54641,4.74664,4.00488,4.60392
SYRUP,2023-03-05,4.60492,5.69391,4.4218,4.60411
SYRUP,2023-03-06,4.61145,5.04025,4.40265,4.9963
SYRUP,2023-03-07,4.99025,5.13219,4.65385,4.90845
SYRUP,2023-03-08,4.90815,5.08999,4.79777,5.0607
SYRUP,2023-03-09,5.05499,5.05499,4.52082,4.56901
SYRUP,2023-03-10,4.55532,4.78965,4.23512,4.46055
SYRUP,2023-03-11,4.44211,4.57443,3.92562,4.19762
SYRUP,2023-03-12,4.21782,4.57347,4.00079,4.50447
SYRUP,2023-03-13,4.55732,4.98768,4.53089,4.96911
SYRUP,2023-03-14,4.95364,5.94292,4.86622,5.42313
SYRUP,2023-03-15,5.45514,6.06726,5.17585,5.26972
SYRUP,2023-03-16,5.26624,5.42526,4.92221,5.2168
SYRUP,2023-03-17,5.21616,5.79964,5.14655,5.28882
SYRUP,2023-03-18,5.2808,5.42054,5.00573,5.17487
SYRUP,2023-03-19,5.16038,5.24289,4.9069,5.22917
SYRUP,2023-03-20,5.14835,5.14835,4.66887,4.76624
SYRUP,2023-03-21,4.79042,4.79143,4.21231,4.51313
SYRUP,2023-03-22,4.51139,4.71813,4.48,4.58143
SYRUP,2023-03-23,4.58179,4.93799,4.52797,4.91168
SYRUP,2023-03-24,4.91821,5.0054,4.62993,4.94688
SYRUP,2023-03-25,4.92046,4.95751,4.75165,4.92267
SYRUP,2023-03-26,4.88373,5.18287,4.74822,4.99449
SYRUP,2023-03-27,4.94581,5.53387,4.78482,4.85968
SYRUP,2023-03-28,4.80226,4.89105,4.10098,4.30564
SYRUP,2023-03-29,4.33269,4.73647,4.25866,4.54659
SYRUP,2023-03-30,4.45585,4.59619,4.10878,4.22814
SYRUP,2023-03-31,4.21714,4.29382,4.05254,4.21205
SYRUP,2023-04-01,4.23961,4.53126,4.22931,4.40663
SYRUP,2023-04-02,4.42982,4.46888,4.33651,4.34574
SYRUP,2023-04-03,4.33808,4.42873,4.21206,4.3126
SYRUP,2023-04-04,4.15845,4.32081,4.10386,4.26913
SYRUP,2023-04-05,4.28646,4.60379,4.18367,4.27658
SYRUP,2023-04-06,4.32508,4.32508,4.10909,4.24921
SYRUP,2023-04-07,4.22002,4.3871,4.19922,4.24214
SYRUP,2023-04-08,4.27212,4.38224,4.10221,4.21068
SYRUP,2023-04-09,4.24951,4.31589,4.00448,4.22053
SYRUP,2023-04-10,4.21086,4.60095,4.20265,4.41457
SYRUP,2023-04-11,4.42358,5.86191,4.28142,5.54448
SYRUP,2023-04-12,5.48,5.51346,4.87,5.1164
SYRUP,2023-04-13,4.98323,5.22569,4.56888,4.65146
SYRUP,2023-04-14,4.6394,4.96016,4.4924,4.96016
SYRUP,2023-04-15,5.13403,5.17545,4.82372,4.90036
SYRUP,2023-04-16,4.88935,4.94239,4.64099,4.84029
SYRUP,2023-04-17,4.83062,5.008,4.7497,4.88393
SYRUP,2023-04-18,4.90204,4.98354,4.86843,4.98095
SYRUP,2023-04-19,4.97084,4.99825,4.92084,4.94052
SYRUP,2023-04-20,4.94503,4.94651,4.68212,4.74747
SYRUP,2023-04-21,4.74424,6.63574,4.55118,5.90841
SYRUP,2023-04-22,5.90941,6.81502,5.10025,5.21347
SYRUP,2023-04-23,5.2,5.75,5.1,5.61
SYRUP,2023-04-24,5.58,6.74,5.46,5.62
SYRUP,2023-04-25,5.71,7.05,5.51,6.76
SYRUP,2023-04-26,6.79,7.5,6.58,6.98
SYRUP,2023-04-27,7.02,8.33,6.8,7.91
SYRUP,2023-04-28,7.97855,8.37,7.3,7.45
SYRUP,2023-04-29,7.44,7.81,6.94,7.1222
SYRUP,2023-04-30,7.48141,7.63813,6.87139,7.10998
SYRUP,2023-05-01,7.13085,7.13085,6.16143,6.24168
SYRUP,2023-05-02,6.24562,6.53685,6.15842,6.50196
SYRUP,2023-05-03,6.50897,6.81652,6.09177,6.41573
SYRUP,2023-05-04,6.38347,6.45613,5.69711,5.83916
SYRUP,2023-05-05,5.81115,6.30073,5.52421,6.22266
SYRUP,2023-05-06,6.1987,6.46032,5.92034,6.21786
SYRUP,2023-05-07,6.22888,6.22888,5.64544,5.75178
SYRUP,2023-05-08,5.77581,5.90826,5.15561,5.25156
SYRUP,2023-05-09,5.22286,5.73576,4.98097,5.27026
SYRUP,2023-05-10,5.28438,5.7373,5.10465,5.29076
SYRUP,2023-05-11,5.27227,5.63163,5.03403,5.1011
SYRUP,2023-05-12,5.03203,5.2307,5.003,5.11209
SYRUP,2023-05-13,5.09356,5.4087,5.07804,5.26015
SYRUP,2023-05-14,5.27364,5.47929,5.2016,5.37969
SYRUP,2023-05-15,5.38423,5.87552,5.37369,5.80006
SYRUP,2023-05-16,5.77648,6.22911,5.55422,6.02001
SYRUP,2023-05-17,6.04442,6.30015,5.91195,6.03041
SYRUP,2023-05-18,6.06042,6.15946,5.92837,5.97239
SYRUP,2023-05-19,5.93478,6.50195,5.678,6.44587
SYRUP,2023-05-20,6.45423,6.50325,6.03082,6.23423
SYRUP,2023-05-21,6.18957,6.47088,6.14907,6.27176
SYRUP,2023-05-22,6.20872,6.62998,6.03462,6.58929
SYRUP,2023-05-23,6.58686,6.96977,6.41009,6.7084
SYRUP,2023-05-24,6.68854,7.58768,6.47526,7.04758
SYRUP,2023-05-25,7.06558,7.35263,6.82693,6.99414
SYRUP,2023-05-26,6.98914,7.16179,6.51447,6.53331
SYRUP,2023-05-27,6.53624,6.69268,6.51402,6.63265
SYRUP,2023-05-28,6.652,6.74496,6.62065,6.70554
SYRUP,2023-05-29,6.73155,6.74301,6.51989,6.668
SYRUP,2023-05-30,6.663,6.68261,6.45348,6.45752
SYRUP,2023-05-31,6.45652,6.51928,6.45177,6.51724
SYRUP,2023-06-01,6.45629,6.5185,6.29269,6.33777
SYRUP,2023-06-02,6.30777,6.36265,5.95155,6.06758
SYRUP,2023-06-03,6.06976,6.15822,6.04845,6.15346
SYRUP,2023-06-04,6.15528,6.35103,6.04833,6.245
SYRUP,2023-06-05,6.237,6.29795,6.08734,6.15278
SYRUP,2023-06-06,6.13878,6.18979,6.0115,6.10953
SYRUP,2023-06-07,6.14972,6.16873,5.94894,5.95282
SYRUP,2023-06-08,5.9536,5.96173,5.9487,5.95307
SYRUP,2023-06-09,5.95313,5.96119,5.94722,5.95081
SYRUP,2023-06-10,5.94799,5.9615,5.3334,5.61626
SYRUP,2023-06-11,5.57929,5.85299,5.56973,5.76731
SYRUP,2023-06-12,5.81332,5.81332,5.749,5.79306
SYRUP,2023-06-13,5.78358,5.81077,5.67238,5.6862
SYRUP,2023-06-14,5.69143,5.71309,5.55617,5.66249
SYRUP,2023-06-15,5.63049,5.71297,5.59634,5.71297
SYRUP,2023-06-16,5.67923,5.71322,5.52631,5.64154
SYRUP,2023-06-17,5.65758,5.69564,5.57476,5.6137
SYRUP,2023-06-18,5.60165,5.63382,5.57627,5.60771
SYRUP,2023-06-19,5.62148,5.63331,5.57638,5.6292
SYRUP,2023-06-20,5.63169,5.97914,5.62863,5.97896
SYRUP,2023-06-21,5.9759,6.60066,5.96087,6.42484
SYRUP,2023-06-22,6.4057,6.51813,6.35713,6.43835
SYRUP,2023-06-23,6.43435,6.46842,6.10938,6.38476
SYRUP,2023-06-24,6.39064,6.42398,6.31065,6.38202
SYRUP,2023-06-25,6.40697,6.65579,6.35411,6.63632
SYRUP,2023-06-26,6.59291,6.71848,6.58192,6.71648
SYRUP,2023-06-27,6.71054,7.05699,6.7012,7.05699
SYRUP,2023-06-28,7.02233,7.10214,6.50135,6.80686
SYRUP,2023-06-29,6.79966,6.96802,6.74212,6.90303
SYRUP,2023-06-30,6.9101,7.00962,6.89214,6.97863
SYRUP,2023-07-01,6.93957,7.01165,6.93492,6.95893
SYRUP,2023-07-02,7.00693,7.01349,6.09237,6.15662
SYRUP,2023-07-03,6.10661,6.25881,6.09176,6.19343
SYRUP,2023-07-04,6.18549,6.38972,6.15625,6.3444
SYRUP,2023-07-05,6.36934,6.38828,6.06061,6.12392
SYRUP,2023-07-06,6.13498,6.48952,6.06061,6.20944
SYRUP,2023-07-07,6.25875,6.43239,6.18212,6.41603
SYRUP,2023-07-08,6.26756,6.26963,6.20499,6.26006
SYRUP,2023-07-09,6.20681,6.3362,6.20374,6.31307
SYRUP,2023-07-10,6.32814,6.52765,6.226,6.48745
SYRUP,2023-07-11,6.47665,6.52824,6.45613,6.50313
SYRUP,2023-07-12,6.47026,6.549,6.31537,6.34349
SYRUP,2023-07-13,6.33981,6.64751,6.31575,6.59057
SYRUP,2023-07-14,6.62265,7.152,6.58196,6.70028
SYRUP,2023-07-15,6.65046,6.80004,6.63038,6.72995
SYRUP,2023-07-16,6.76796,6.87182,6.72695,6.80813
SYRUP,2023-07-17,6.79219,6.95274,6.661,6.72214
SYRUP,2023-07-18,6.73528,6.76942,6.69413,6.73448
SYRUP,2023-07-19,6.74455,6.76869,6.00108,6.14694
SYRUP,2023-07-20,6.154,6.28437,6.0026,6.23244
SYRUP,2023-07-21,6.2335,6.32194,6.19032,6.31106
SYRUP,2023-07-22,6.32006,6.3547,5.81576,5.81964
SYRUP,2023-07-23,5.82564,5.89359,5.8077,5.86894
SYRUP,2023-07-24,5.88388,5.98262,5.82424,5.90435
SYRUP,2023-07-25,5.90935,5.91723,5.52539,5.71154
SYRUP,2023-07-26,5.69443,5.85906,5.66215,5.81523
SYRUP,2023-07-27,5.79023,5.82923,5.7705,5.78038
SYRUP,2023-07-28,5.77238,5.91759,5.7705,5.86382
SYRUP,2023-07-29,5.87188,5.919,5.85541,5.898
SYRUP,2023-07-30,5.887,6.17951,5.86094,6.17951
SYRUP,2023-07-31,6.17551,6.21138,6.06648,6.06909
SYRUP,2023-08-01,6.08439,6.09539,5.75883,5.87694
SYRUP,2023-08-02,5.90481,6.03762,5.23559,5.70075
SYRUP,2023-08-03,5.83167,6.13048,5.83167,6.06884
SYRUP,2023-08-04,6.12503,6.21053,6.02618,6.07805
SYRUP,2023-08-05,6.09304,6.15641,6.02308,6.0914
SYRUP,2023-08-06,6.10067,6.15664,6.05352,6.07826
SYRUP,2023-08-07,6.11143,6.4593,5.99795,6.1488
SYRUP,2023-08-08,6.09674,6.14555,6.07019,6.09109
SYRUP,2023-08-09,6.09709,6.1431,6.04873,6.11368
SYRUP,2023-08-10,6.10674,6.11645,5.85479,5.8666
SYRUP,2023-08-11,5.88775,5.91202,5.85215,5.91149
SYRUP,2023-08-12,5.85455,5.91451,5.8379,5.84866
SYRUP,2023-08-13,5.86765,5.89499,5.83662,5.88735
SYRUP,2023-08-14,5.84344,5.8944,5.19035,5.44173
SYRUP,2023-08-15,5.45672,5.49372,5.4381,5.47991
SYRUP,2023-08-16,5.48496,5.49339,4.97068,5.02042
SYRUP,2023-08-17,5.00109,5.03101,4.98112,4.99185
SYRUP,2023-08-18,5.01024,5.0379,4.55721,4.60307
SYRUP,2023-08-19,4.60007,4.65746,4.38977,4.62666
SYRUP,2023-08-20,4.62366,4.72791,4.59794,4.71076
SYRUP,2023-08-21,4.72572,4.84947,4.68125,4.80333
SYRUP,2023-08-22,4.81723,5.01219,4.54318,4.56649
SYRUP,2023-08-23,4.56845,4.70915,4.56326,4.70911
SYRUP,2023-08-24,4.69568,4.73972,4.68306,4.73658
SYRUP,2023-08-25,4.73858,4.80261,4.7363,4.75738
SYRUP,2023-08-26,4.75543,4.80169,4.75462,4.79431
SYRUP,2023-08-27,4.79555,4.80198,4.74525,4.74558
SYRUP,2023-08-28,4.71074,4.71074,4.54818,4.55995
SYRUP,2023-08-29,4.5211,4.64437,4.52092,4.59983
SYRUP,2023-08-30,4.55505,4.59974,4.55391,4.59891
SYRUP,2023-08-31,4.59636,5.00375,4.59286,4.70625
SYRUP,2023-09-01,4.75181,4.78209,4.7255,4.73449
SYRUP,2023-09-02,4.7313,4.73311,4.66574,4.67449
SYRUP,2023-09-03,4.66544,4.75033,4.66249,4.73415
SYRUP,2023-09-04,4.73915,4.74938,4.50647,4.50647
SYRUP,2023-09-05,4.50415,4.51288,4.40971,4.4127
SYRUP,2023-09-06,4.39884,4.46372,4.38037,4.41135
SYRUP,2023-09-07,4.40866,4.48667,4.40762,4.48271
SYRUP,2023-09-08,4.48089,4.64433,4.4559,4.63035
SYRUP,2023-09-09,4.62066,4.66737,4.5146,4.51564
SYRUP,2023-09-10,4.5176,4.62807,4.51424,4.62424
SYRUP,2023-09-11,4.60925,5.02699,4.58335,4.66751
SYRUP,2023-09-12,4.70945,4.81383,4.66379,4.66481
SYRUP,2023-09-13,4.64735,4.65835,4.61309,4.61778
SYRUP,2023-09-14,4.67928,4.67928,4.63377,4.6383
SYRUP,2023-09-15,4.63753,4.65291,4.59272,4.59305
SYRUP,2023-09-16,4.58486,4.58978,4.58168,4.58541
SYRUP,2023-09-17,4.57242,4.84721,4.57242,4.83116
SYRUP,2023-09-18,4.83616,4.84721,4.72609,4.78386
SYRUP,2023-09-19,4.77776,4.78991,4.66684,4.73862
SYRUP,2023-09-20,4.71508,5.03365,4.71494,4.9233
SYRUP,2023-09-21,4.923,5.00255,4.91905,5.0018
SYRUP,2023-09-22,5.02225,5.06765,4.86476,4.88271
SYRUP,2023-09-23,4.84466,4.88966,4.83976,4.85734
SYRUP,2023-09-24,4.84119,4.9173,4.83505,4.86819
SYRUP,2023-09-25,4.86278,5.00485,4.86095,4.9667
SYRUP,2023-09-26,4.9687,5.08891,4.96176,5.08681
SYRUP,2023-09-27,5.09497,5.21514,5.06855,5.21114
SYRUP,2023-09-28,5.20914,5.51513,5.18442,5.47789
SYRUP,2023-09-29,5.47656,5.57777,5.43084,5.4434
SYRUP,2023-09-30,5.4324,5.47582,5.41246,5.47555
SYRUP,2023-10-01,5.63251,5.70068,5.62745,5.65468
SYRUP,2023-10-02,5.66868,5.6731,5.62668,5.63146
SYRUP,2023-10-03,5.63663,5.69085,5.60517,5.67977
SYRUP,2023-10-04,5.6504,5.74443,5.61455,5.65611
SYRUP,2023-10-05,5.53066,5.541,5.24499,5.48948
SYRUP,2023-10-06,5.45855,5.54639,5.45811,5.48919
SYRUP,2023-10-07,5.48863,5.49513,5.46868,5.47996
SYRUP,2023-10-08,5.48123,5.54238,5.48107,5.5421
SYRUP,2023-10-09,5.68461,6.1331,5.68461,5.87388
SYRUP,2023-10-10,5.86317,6.29169,5.79404,6.29169
SYRUP,2023-10-11,6.16174,6.18762,5.85736,5.88682
SYRUP,2023-10-12,5.89535,5.91064,5.6091,5.82284
SYRUP,2023-10-13,5.74522,5.97015,5.73982,5.96263
SYRUP,2023-10-14,5.95369,6.00064,5.92317,5.99864
SYRUP,2023-10-15,5.98764,6.06512,5.98264,6.06512
SYRUP,2023-10-16,6.11786,6.47113,6.11731,6.3486
SYRUP,2023-10-17,6.34241,6.34241,5.95463,5.96315
SYRUP,2023-10-18,5.96421,6.16823,5.79585,5.93325
SYRUP,2023-10-19,5.92124,6.03641,5.87906,6.02741
SYRUP,2023-10-20,5.98793,6.00626,5.83351,5.91248
SYRUP,2023-10-21,5.90842,6.00992,5.90842,5.99193
SYRUP,2023-10-22,5.9638,6.09037,5.95797,6.06706
SYRUP,2023-10-23,6.07252,6.1182,5.66823,5.67789
SYRUP,2023-10-24,5.68635,5.95218,5.48236,5.88229
SYRUP,2023-10-25,5.89123,5.95667,5.64923,5.91848
SYRUP,2023-10-26,5.95437,5.97431,5.65119,5.68006
SYRUP,2023-10-27,5.68823,6.47497,5.63051,6.24037
SYRUP,2023-10-28,6.22443,6.64626,6.13149,6.53511
SYRUP,2023-10-29,6.46023,6.54137,6.36896,6.42086
SYRUP,2023-10-30,6.32932,6.47707,6.31164,6.47707
SYRUP,2023-10-31,6.4702,6.87996,6.46358,6.62371
SYRUP,2023-11-01,6.63559,6.65259,6.2952,6.56617
SYRUP,2023-11-02,6.5559,6.97907,6.55584,6.93983
SYRUP,2023-11-03,6.9429,9.60274,6.92104,8.41828
SYRUP,2023-11-04,8.40419,9.60405,8.40311,9.28238
SYRUP,2023-11-05,9.28711,10.0711,8.76918,8.76918
SYRUP,2023-11-06,8.76883,10.0708,8.76883,10.0507
SYRUP,2023-11-07,10.0678,12.0714,9.37347,11.8742
SYRUP,2023-11-08,11.8717,13.4694,11.5777,13.4441
SYRUP,2023-11-09,13.4371,14.3653,12.3925,13.0944
SYRUP,2023-11-10,13.1145,13.2093,11.5572,12.6186
SYRUP,2023-11-11,12.6136,13.0564,12.0184,12.036
SYRUP,2023-11-12,11.9359,12.1231,11.332,11.5466
SYRUP,2023-11-13,11.5455,12.6313,11.5445,12.1733
SYRUP,2023-11-14,12.1691,12.1718,10.5578,10.8855
SYRUP,2023-11-15,10.8941,12.4487,10.8878,12.4335
SYRUP,2023-11-16,12.4147,14.267,12.4136,13.6594
SYRUP,2023-11-17,13.6288,14.8549,13.4997,14.8309
SYRUP,2023-11-18,14.8269,14.9538,14.647,14.8733
SYRUP,2023-11-19,14.8666,14.9321,14.0829,14.1042
SYRUP,2023-11-20,14.1231,14.3423,13.0094,13.4954
SYRUP,2023-11-21,13.519,14.3966,13.117,14.3966
SYRUP,2023-11-22,14.3716,14.4349,13.3163,14.1115
SYRUP,2023-11-23,14.1234,16.5358,13.9639,15.1771
SYRUP,2023-11-24,15.1633,15.6214,14.3977,15.5996
SYRUP,2023-11-25,15.6228,17.6078,15.5967,17.5273
SYRUP,2023-11-26,17.5223,18.9428,17.5193,17.7717
SYRUP,2023-11-27,17.7717,18.5257,17.0782,18.3162
SYRUP,2023-11-28,18.3387,22.4343,18.3387,19.7184
SYRUP,2023-11-29,19.6696,20.6641,18.1105,19.9456
SYRUP,2023-11-30,19.9962,22.3552,19.8634,22.156
SYRUP,2023-12-01,22.058,22.117,20.4297,21.4926
SYRUP,2023-12-02,21.4074,21.5533,20.5182,20.8564
SYRUP,2023-12-03,20.9564,23.1284,20.7991,20.8553
SYRUP,2023-12-04,20.8891,23.4563,18.0017,18.6117
SYRUP,2023-12-05,18.6803,19.0768,17.2062,17.9336
SYRUP,2023-12-06,17.961,19.3319,17.9462,18.079
SYRUP,2023-12-07,18.1599,19.1886,17.1271,17.199
SYRUP,2023-12-08,17.191,17.9216,17.1006,17.5808
SYRUP,2023-12-09,17.6088,17.7759,16.5953,17.3677
SYRUP,2023-12-10,17.5186,17.7296,15.7671,16.2102
SYRUP,2023-12-11,16.2338,16.4231,14.3789,15.3168
SYRUP,2023-12-12,15.32,17.3461,15.1403,16.2678
SYRUP,2023-12-13,16.3058,16.7356,14.9075,16.1686
SYRUP,2023-12-14,16.1076,16.2146,13.6666,14.2753
SYRUP,2023-12-15,14.3363,18.0923,13.9084,14.5343
SYRUP,2023-12-16,14.5134,15.6561,14.2506,15.5399
SYRUP,2023-12-17,15.5346,15.5476,14.7601,14.8357
SYRUP,2023-12-18,14.8495,14.9184,13.7145,13.9897
SYRUP,2023-12-19,14.0279,15.4789,13.948,14.6435
SYRUP,2023-12-20,14.6518,16.8898,14.6313,15.8805
SYRUP,2023-12-21,15.8635,16.7258,15.72,16.1671
SYRUP,2023-12-22,16.1791,16.6593,15.6097,15.8585
SYRUP,2023-12-23,15.8547,15.9853,15.0464,15.0894
SYRUP,2023-12-24,15.0464,15.5105,14.7422,15.0469
SYRUP,2023-12-25,15.0456,15.2735,14.8091,14.8253
SYRUP,2023-12-26,14.8393,15.4649,14.7187,14.7187
SYRUP,2023-12-27,14.7829,14.8471,14.2477,14.356
SYRUP,2023-12-28,14.3645,14.831,13.4701,14.2551
SYRUP,2023-12-29,14.2771,14.5574,13.6548,14.1697
SYRUP,2023-12-30,14.1058,14.2903,13.7278,13.9016
SYRUP,2023-12-31,13.9396,17.5724,13.8741,17.1799
SYRUP,2024-01-01,17.3293,18.5906,16.6693,17.0132
SYRUP,2024-01-02,17.0368,17.5107,16.684,16.7794
SYRUP,2024-01-03,16.7734,17.2902,15.5906,15.8689
SYRUP,2024-01-04,15.8692,16.1178,15.5965,15.8458
SYRUP,2024-01-05,15.8325,15.8956,14.0698,15.0147
SYRUP,2024-01-06,15.0159,15.9107,13.9943,14.1605
SYRUP,2024-01-07,14.1685,14.8939,12.9795,14.0739
SYRUP,2024-01-08,14.1571,14.1775,12.8368,13.489
SYRUP,2024-01-09,13.457,13.4929,12.8769,12.884
SYRUP,2024-01-10,12.9559,14.04,12.7041,13.8629
SYRUP,2024-01-11,13.8836,14.1071,12.8819,13.2905
SYRUP,2024-01-12,13.2677,13.3389,12.589,12.6022
SYRUP,2024-01-13,12.5965,12.6577,12.0755,12.2511
SYRUP,2024-01-14,12.2591,13.4039,12.1637,12.8587
SYRUP,2024-01-15,12.8517,14.124,12.478,13.3657
SYRUP,2024-01-16,13.3416,14.4824,13.2005,14.1967
SYRUP,2024-01-17,14.2377,16.9463,14.1826,15.4044
SYRUP,2024-01-18,15.3776,16.442,14.2553,14.4014
SYRUP,2024-01-19,14.3904,14.6097,13.7966,13.8663
SYRUP,2024-01-20,13.8694,13.9104,13.5814,13.7028
SYRUP,2024-01-21,13.7026,14.0659,13.7002,13.7395
SYRUP,2024-01-22,13.7653,13.8211,12.5875,12.6823
SYRUP,2024-01-23,12.6924,12.847,12.523,12.6298
SYRUP,2024-01-24,12.6118,13.3442,12.6118,13.0277
SYRUP,2024-01-25,13.0162,13.1209,12.6057,12.7361
SYRUP,2024-01-26,12.7701,13.1585,12.3735,13.0093
SYRUP,2024-01-27,12.9835,13.0041,12.541,12.5839
SYRUP,2024-01-28,12.5849,12.9611,12.1207,12.1443
SYRUP,2024-01-29,12.1012,12.2645,11.8992,11.966
SYRUP,2024-01-30,11.9701,12.0254,11.3832,11.8556
SYRUP,2024-01-31,11.8458,12.3753,11.6498,11.6555
SYRUP,2024-02-01,11.6505,12.1992,11.2976,12.1916
SYRUP,2024-02-02,12.2035,12.6018,11.9967,12.4424
SYRUP,2024-02-03,12.4044,12.716,12.3784,12.4516
SYRUP,2024-02-04,12.4546,12.4871,11.8909,11.896
SYRUP,2024-02-05,11.8949,11.895,11.6405,11.7559
SYRUP,2024-02-06,11.7049,11.952,11.5192,11.9132
SYRUP,2024-02-07,11.9163,13.0466,11.799,12.7095
SYRUP,2024-02-08,12.7079,12.7079,12.4503,12.5626
SYRUP,2024-02-09,12.5725,13.263,12.4995,12.5393
SYRUP,2024-02-10,12.5495,12.6547,12.3619,12.4055
SYRUP,2024-02-11,12.4285,13.4038,12.4046,13.3799
SYRUP,2024-02-12,13.3909,14.3681,13.329,14.1471
SYRUP,2024-02-13,14.1551,14.3073,13.7559,13.9924
SYRUP,2024-02-14,13.9554,14.3253,13.3925,13.5644
SYRUP,2024-02-15,13.5707,13.8128,12.7192,13.0682
SYRUP,2024-02-16,13.0772,13.2622,11.7526,12.3324
SYRUP,2024-02-17,12.3465,12.5983,11.8946,12.0288
SYRUP,2024-02-18,12.0068,12.6404,11.9769,12.5904
SYRUP,2024-02-19,12.5745,13.1663,12.3742,12.8209
SYRUP,2024-02-20,12.818,12.874,11.9538,12.2734
SYRUP,2024-02-21,12.2783,12.3167,10.7565,10.948
SYRUP,2024-02-22,10.953,11.591,10.7531,11.5181
SYRUP,2024-02-23,11.5612,11.8462,11.2185,11.7454
SYRUP,2024-02-24,11.7764,13.4059,11.6776,13.1429
SYRUP,2024-02-25,13.167,15.6961,13.0415,14.4024
SYRUP,2024-02-26,14.3947,15.5501,13.9445,14.5745
SYRUP,2024-02-27,14.5113,14.6385,13.97,14.4818
SYRUP,2024-02-28,14.4808,14.6026,14.0085,14.0527
SYRUP,2024-02-29,14.0518,14.3744,13.4906,13.7631
SYRUP,2024-03-01,13.757,16.8031,13.757,16.3189
SYRUP,2024-03-02,16.3114,16.6465,14.1515,14.9059
SYRUP,2024-03-03,14.9046,18.8545,14.3978,16.6425
SYRUP,2024-03-04,16.6235,21.38,16.4514,20.9
SYRUP,2024-03-05,21.21,21.21,16.23,16.94
SYRUP,2024-03-06,16.98,17.72,16.19,16.42
SYRUP,2024-03-07,16.39,18.65,15.86,18.0
SYRUP,2024-03-08,17.83,18.29,16.92,16.94
SYRUP,2024-03-09,16.9,17.92,16.87,17.92
SYRUP,2024-03-10,17.88,18.14,17.5,17.57
SYRUP,2024-03-11,17.5,17.62,16.41,16.99
SYRUP,2024-03-12,16.96,18.3,15.81,16.38
SYRUP,2024-03-13,16.41,16.98,16.09,16.54
SYRUP,2024-03-14,16.52,16.62,14.32,15.04
SYRUP,2024-03-15,15.04,15.11,13.62,14.38
SYRUP,2024-03-16,14.39,14.72,13.726,13.8114
SYRUP,2024-03-17,13.8164,14.571,13.5088,14.4375
SYRUP,2024-03-18,14.4184,16.4303,14.1939,14.6061
SYRUP,2024-03-19,14.9719,17.354,14.4012,14.9545
SYRUP,2024-03-20,14.9087,17.0207,14.3088,16.1958
SYRUP,2024-03-21,18.1623,21.19,17.7446,19.39
SYRUP,2024-03-22,19.36,20.21,16.8648,17.0117
SYRUP,2024-03-23,17.0487,18.2485,16.7062,18.089
SYRUP,2024-03-24,18.101,22.2482,18.0528,21.4195
SYRUP,2024-03-25,21.4847,26.3362,19.9164,22.8884
SYRUP,2024-03-26,22.9272,29.99,22.619,24.89
SYRUP,2024-03-27,24.85,29.37,21.93,26.35
SYRUP,2024-03-28,26.35,26.39,21.97,23.05
SYRUP,2024-03-29,23.07,23.82,21.28,22.79
SYRUP,2024-03-30,22.77,26.81,21.55,24.86
SYRUP,2024-03-31,24.9767,26.0905,22.4117,25.6611
SYRUP,2024-04-01,25.6561,27.5006,23.1482,23.742
SYRUP,2024-04-02,23.7278,24.6169,20.7886,21.7737
SYRUP,2024-04-03,21.7627,23.0897,20.3515,20.3673
SYRUP,2024-04-04,20.4039,21.973,19.4072,20.7948
SYRUP,2024-04-05,20.7961,20.931,18.9464,18.9744
SYRUP,2024-04-06,18.9643,19.1398,17.7949,18.5156
SYRUP,2024-04-07,18.6001,22.335,18.4303,21.908
SYRUP,2024-04-08,21.9332,22.6667,20.8982,21.0917
SYRUP,2024-04-09,21.1369,21.2558,19.1591,19.61
SYRUP,2024-04-10,19.61,21.7379,18.6761,21.3084
SYRUP,2024-04-11,21.3384,22.1808,20.0284,20.3334
SYRUP,2024-04-12,20.2996,20.6389,17.0832,18.3765
SYRUP,2024-04-13,18.4215,19.0761,13.8982,13.9862
SYRUP,2024-04-14,13.8442,18.1854,13.8442,17.7753
SYRUP,2024-04-15,18.0014,19.3444,15.7459,15.9807
SYRUP,2024-04-16,15.9927,16.2061,15.0498,15.8842
SYRUP,2024-04-17,15.8752,17.1817,15.557,15.6793
SYRUP,2024-04-18,15.6783,16.4133,15.1429,16.0678
SYRUP,2024-04-19,16.0678,16.4336,15.3,15.6078
SYRUP,2024-04-20,15.6412,16.5786,15.4457,16.4039
SYRUP,2024-04-21,16.3859,17.4242,15.6611,15.7965
SYRUP,2024-04-22,15.8217,16.0336,14.7589,15.4826
SYRUP,2024-04-23,15.4566,15.7309,14.0967,14.4851
SYRUP,2024-04-24,14.4837,15.4294,13.9113,14.1501
SYRUP,2024-04-25,14.15,14.2653,13.6913,14.1258
SYRUP,2024-04-26,14.0968,14.2184,13.27,13.2873
SYRUP,2024-04-27,13.276,13.3217,12.4495,12.8884
SYRUP,2024-04-28,12.8884,13.0722,12.6711,12.7923
SYRUP,2024-04-29,12.8126,12.957,12.0388,12.345
SYRUP,2024-04-30,12.3096,13.5647,11.6795,11.7227
SYRUP,2024-05-01,11.7237,12.0526,11.1328,11.6425
SYRUP,2024-05-02,11.6525,13.3973,11.6525,13.1335
SYRUP,2024-05-03,13.1045,14.6448,13.075,14.5923
SYRUP,2024-05-04,14.6243,16.1301,14.6243,15.6504
SYRUP,2024-05-05,15.6434,15.7175,14.6027,14.9496
SYRUP,2024-05-06,14.9756,15.389,14.7842,14.8082
SYRUP,2024-05-07,14.8132,14.8279,14.2106,14.2876
SYRUP,2024-05-08,14.287,14.2924,13.4502,13.4508
SYRUP,2024-05-09,13.4508,13.5154,13.1406,13.412
SYRUP,2024-05-10,13.437,13.6078,12.9121,13.368
SYRUP,2024-05-11,13.3639,13.3639,13.0397,13.0451
SYRUP,2024-05-12,13.0922,13.1576,12.9156,12.9526
SYRUP,2024-05-13,12.9484,12.9905,11.907,12.0647
SYRUP,2024-05-14,12.0638,12.1677,11.6918,11.8377
SYRUP,2024-05-15,11.7117,12.6248,11.5894,12.5874
SYRUP,2024-05-16,12.5855,13.7507,12.5233,13.5022
SYRUP,2024-05-17,13.5072,14.1254,13.2941,13.7637
SYRUP,2024-05-18,13.7667,14.0639,13.6054,13.6344
SYRUP,2024-05-19,13.6263,14.0654,13.3591,13.536
SYRUP,2024-05-20,13.5362,15.135,12.5103,14.7946
SYRUP,2024-05-21,14.7938,16.5096,14.3333,16.4294
SYRUP,2024-05-22,16.4467,16.6162,15.2911,15.8222
SYRUP,2024-05-23,15.8223,16.2983,15.0629,15.4056
SYRUP,2024-05-24,15.3662,15.4414,14.5379,14.7452
SYRUP,2024-05-25,14.7511,15.3858,14.6512,14.7561
SYRUP,2024-05-26,14.7149,14.832,14.2751,14.4992
SYRUP,2024-05-27,14.4724,15.1237,14.1848,15.0368
SYRUP,2024-05-28,15.1136,15.5363,14.5816,14.7956
SYRUP,2024-05-29,14.7984,15.0558,14.6225,14.6937
SYRUP,2024-05-30,14.6927,14.7345,13.8185,13.955
SYRUP,2024-05-31,13.906,14.0803,13.8441,13.8585
SYRUP,2024-06-01,13.9013,14.7549,13.8245,14.6948
SYRUP,2024-06-02,14.6899,14.947,13.492,13.5608
SYRUP,2024-06-03,13.5895,14.2756,13.5895,13.9202
SYRUP,2024-06-04,13.9236,14.5781,13.9188,14.437
SYRUP,2024-06-05,14.461,17.4914,14.3996,16.7997
SYRUP,2024-06-06,16.6905,17.6158,15.7829,15.8759
SYRUP,2024-06-07,15.8739,17.9524,15.5003,15.9828
SYRUP,2024-06-08,16.0611,16.333,15.1629,16.2701
SYRUP,2024-06-09,16.23,17.1943,16.0679,16.4974
SYRUP,2024-06-10,16.5007,17.7824,16.1795,16.2186
SYRUP,2024-06-11,16.2176,16.246,14.5918,15.137
SYRUP,2024-06-12,15.1357,15.3681,13.8703,13.9594
SYRUP,2024-06-13,13.9583,14.4487,13.5578,13.6105
SYRUP,2024-06-14,13.6294,14.1365,12.8306,13.3064
SYRUP,2024-06-15,13.3057,13.3497,12.6978,12.7008
SYRUP,2024-06-16,12.6988,12.8583,12.3244,12.403
SYRUP,2024-06-17,12.4051,13.0281,12.1813,12.4303
SYRUP,2024-06-18,12.4282,12.4984,10.8231,11.2175
SYRUP,2024-06-19,11.2588,12.1037,11.2168,11.8573
SYRUP,2024-06-20,11.8463,12.5765,11.72,12.2532
SYRUP,2024-06-21,12.2683,12.7931,11.7292,11.9105
SYRUP,2024-06-22,11.9376,12.9341,11.8869,12.8129
SYRUP,2024-06-23,12.8196,13.8564,12.8196,13.7785
SYRUP,2024-06-24,13.7765,13.7857,12.0853,12.1806
SYRUP,2024-06-25,12.2322,13.6634,12.0474,13.1746
SYRUP,2024-06-26,13.1111,13.1446,12.7397,13.0185
SYRUP,2024-06-27,13.0351,13.1038,12.6484,12.7821
SYRUP,2024-06-28,12.784,12.8194,11.5011,11.5257
SYRUP,2024-06-29,11.5409,12.0231,11.5259,11.7798
SYRUP,2024-06-30,11.7276,11.7703,11.5654,11.6497
SYRUP,2024-07-01,11.6772,14.6873,11.6752,13.7207
SYRUP,2024-07-02,13.7032,13.8981,12.418,12.7966
SYRUP,2024-07-03,12.8065,12.9006,11.2796,11.5032
SYRUP,2024-07-04,11.5401,11.76,11.401,11.7093
SYRUP,2024-07-05,11.8633,11.8734,10.2941,11.0496
SYRUP,2024-07-06,11.0519,12.6851,11.0519,11.9122
SYRUP,2024-07-07,11.8385,12.2585,11.6935,11.7302
SYRUP,2024-07-08,11.7198,11.8271,11.136,11.7322
SYRUP,2024-07-09,11.7088,12.4585,11.38,11.9248
SYRUP,2024-07-10,11.8668,11.9574,10.2036,11.2492
SYRUP,2024-07-11,11.3052,12.38,11.1335,11.8198
SYRUP,2024-07-12,11.8268,11.9101,11.3847,11.6862
SYRUP,2024-07-13,11.7332,11.9625,11.6261,11.7941
SYRUP,2024-07-14,11.8406,12.2489,11.7331,12.2254
SYRUP,2024-07-15,12.2324,15.4746,12.1562,15.0525
SYRUP,2024-07-16,15.0595,17.7111,14.1962,16.3031
SYRUP,2024-07-17,16.3121,17.7712,15.4132,17.5586
SYRUP,2024-07-18,17.5486,17.6588,15.7976,16.1068
SYRUP,2024-07-19,16.0826,18.0788,16.0456,17.7695
SYRUP,2024-07-20,17.8477,21.2241,17.8457,20.4886
SYRUP,2024-07-21,20.4908,21.9632,19.8365,20.5021
SYRUP,2024-07-22,20.5123,20.765,19.9502,20.6562
SYRUP,2024-07-23,20.6642,20.6973,18.7833,19.1433
SYRUP,2024-07-24,18.8876,19.2099,18.7502,18.7761
SYRUP,2024-07-25,18.8786,18.9452,16.6368,17.8168
SYRUP,2024-07-26,17.8654,20.4372,17.7568,20.166
SYRUP,2024-07-27,20.3418,20.3522,19.1621,19.5196
SYRUP,2024-07-28,19.5092,19.5436,18.5127,18.9913
SYRUP,2024-07-29,18.9611,19.776,18.6214,19.5938
SYRUP,2024-07-30,19.5826,19.5826,18.2105,18.2633
SYRUP,2024-07-31,18.2685,18.2833,17.2364,17.7451
SYRUP,2024-08-01,17.8725,17.9642,15.4774,15.8478
SYRUP,2024-08-02,15.8213,16.5245,13.4692,13.5655
SYRUP,2024-08-03,13.5925,14.1766,13.304,13.4235
SYRUP,2024-08-04,13.4197,13.6644,12.4881,13.5911
SYRUP,2024-08-05,13.6629,14.0918,9.76961,11.7871
SYRUP,2024-08-06,11.7062,13.1591,11.5534,12.7468
SYRUP,2024-08-07,12.788,13.9636,12.3882,12.7061
SYRUP,2024-08-08,12.6953,14.8645,11.7191,14.5133
SYRUP,2024-08-09,14.5662,14.6683,14.4213,14.5285
SYRUP,2024-08-10,14.5365,14.554,13.9046,14.0197
SYRUP,2024-08-11,14.015,14.2716,13.7912,13.8384
SYRUP,2024-08-12,13.7684,14.2951,13.7658,14.1034
SYRUP,2024-08-13,14.0745,14.386,14.0254,14.3327
SYRUP,2024-08-14,14.3086,14.387,13.5221,13.6522
SYRUP,2024-08-15,13.7112,14.0305,13.4053,13.8116
SYRUP,2024-08-16,13.9045,14.207,13.7751,14.0509
SYRUP,2024-08-17,14.1349,14.5063,14.0413,14.4143
SYRUP,2024-08-18,14.4031,14.4823,14.0041,14.4129
SYRUP,2024-08-19,14.3799,14.4309,13.9831,14.094
SYRUP,2024-08-20,14.0871,14.3792,13.9614,14.3441
SYRUP,2024-08-21,14.3441,15.4231,14.2771,15.4144
SYRUP,2024-08-22,15.3624,17.2589,14.4493,15.9268
SYRUP,2024-08-23,15.9218,16.2338,15.8957,16.2338
SYRUP,2024-08-24,16.1537,17.9734,16.0882,17.5651
SYRUP,2024-08-25,17.7071,17.7233,17.1045,17.235
SYRUP,2024-08-26,17.234,18.5754,17.186,17.7562
SYRUP,2024-08-27,17.7772,18.673,17.0741,17.6852
SYRUP,2024-08-28,17.5372,17.8686,17.1801,17.7136
SYRUP,2024-08-29,17.7056,17.8309,17.3227,17.6448
SYRUP,2024-08-30,17.5387,17.7308,16.9924,17.2018
SYRUP,2024-08-31,17.2026,17.5223,17.0364,17.3617
SYRUP,2024-09-01,17.3487,17.5357,16.9516,17.1361
SYRUP,2024-09-02,17.0761,17.1333,15.9954,16.6763
SYRUP,2024-09-03,16.6663,16.9391,16.0493,16.4314
SYRUP,2024-09-04,16.3654,16.5267,15.8725,16.368
SYRUP,2024-09-05,16.4274,16.4767,13.2769,15.1365
SYRUP,2024-09-06,15.2095,15.5126,14.8536,14.9402
SYRUP,2024-09-07,14.9702,17.6903,14.8643,15.5994
SYRUP,2024-09-08,15.5653,15.7651,15.4964,15.6646
SYRUP,2024-09-09,15.6999,16.3766,15.6309,16.3441
SYRUP,2024-09-10,16.3169,16.4387,16.0085,16.3437
SYRUP,2024-09-11,16.3757,16.5465,16.2085,16.2705
SYRUP,2024-09-12,16.3695,17.2759,15.8391,16.7647
SYRUP,2024-09-13,16.7457,17.7017,15.7835,16.6225
SYRUP,2024-09-14,16.5726,17.697,15.8203,17.5563
SYRUP,2024-09-15,17.5123,17.7915,17.5043,17.6902
SYRUP,2024-09-16,17.6886,17.8589,17.2909,17.4487
SYRUP,2024-09-17,17.5632,19.29,17.4082,18.5308
SYRUP,2024-09-18,18.6587,18.6737,17.1035,17.3247
SYRUP,2024-09-19,17.4455,19.7234,17.0662,17.7588
SYRUP,2024-09-20,17.7906,19.0566,17.5809,19.0325
SYRUP,2024-09-21,18.9379,20.5638,18.5308,18.6949
SYRUP,2024-09-22,18.4879,18.7339,15.3401,18.196
SYRUP,2024-09-23,18.213,18.9931,18.162,18.6332
SYRUP,2024-09-24,18.5923,18.9983,18.441,18.986
SYRUP,2024-09-25,18.8611,20.6658,18.8099,20.2026
SYRUP,2024-09-26,20.0966,21.1273,19.661,19.9938
SYRUP,2024-09-27,20.049,20.2456,18.5012,19.4245
SYRUP,2024-09-28,19.2655,19.5678,19.1959,19.3071
SYRUP,2024-09-29,19.4391,19.4799,19.1473,19.3269
SYRUP,2024-09-30,19.2542,19.3986,19.1463,19.1471
SYRUP,2024-10-01,19.3018,19.3761,18.825,18.9819
SYRUP,2024-10-02,18.8711,19.0512,17.0854,17.4163
SYRUP,2024-10-03,17.5013,17.6162,17.1502,17.2381
SYRUP,2024-10-04,17.2261,17.6298,17.1509,17.4466
SYRUP,2024-10-05,17.4436,17.5856,17.0404,17.0764
SYRUP,2024-10-06,17.1104,17.705,17.041,17.572
SYRUP,2024-10-07,17.577,17.7886,16.9727,17.2368
SYRUP,2024-10-08,17.2158,17.3176,16.8904,17.0267
SYRUP,2024-10-09,17.0675,17.0894,16.8855,16.9949
SYRUP,2024-10-10,17.0513,17.0639,16.879,16.9657
SYRUP,2024-10-11,16.9776,18.5899,16.8843,17.0148
SYRUP,2024-10-12,17.0196,17.6315,16.9037,17.1818
SYRUP,2024-10-13,17.1407,17.3082,17.1,17.1779
SYRUP,2024-10-14,17.201,18.1531,17.1007,18.1281
SYRUP,2024-10-15,18.0921,18.6992,17.9621,18.5042
SYRUP,2024-10-16,18.5132,18.702,18.349,18.5389
SYRUP,2024-10-17,18.5243,19.2678,18.5225,18.8694
SYRUP,2024-10-18,19.0487,19.0633,18.3641,18.6748
SYRUP,2024-10-19,18.6146,19.0313,17.479,18.1048
SYRUP,2024-10-20,18.1004,21.2979,17.2515,19.8145
SYRUP,2024-10-21,19.8155,19.8472,17.8442,18.3513
SYRUP,2024-10-22,18.3195,18.8177,18.1399,18.5928
SYRUP,2024-10-23,18.5356,20.095,18.1357,19.3506
SYRUP,2024-10-24,19.4813,21.3575,18.9937,20.3174
SYRUP,2024-10-25,20.3958,21.3146,19.631,20.2517
SYRUP,2024-10-26,20.4002,20.8831,19.3427,19.7261
SYRUP,2024-10-27,19.6041,23.152,19.6041,22.5341
SYRUP,2024-10-28,22.5264,22.9523,20.9502,21.8145
SYRUP,2024-10-29,21.9396,25.3311,21.3372,23.49
SYRUP,2024-10-30,23.8836,24.4492,23.4784,23.8424
SYRUP,2024-10-31,23.9243,24.0066,20.6791,20.9317
SYRUP,2024-11-01,21.33,23.3031,21.3138,22.1427
SYRUP,2024-11-02,22.1287,23.2024,22.074,22.8884
SYRUP,2024-11-03,22.9396,22.9963,19.7521,20.8789
SYRUP,2024-11-04,20.8237,21.6834,18.0993,18.7144
SYRUP,2024-11-05,18.7173,22.4186,18.6738,21.4564
SYRUP,2024-11-06,21.4894,27.1834,21.4841,27.0412
SYRUP,2024-11-07,27.0462,35.0245,26.733,31.2556
SYRUP,2024-11-08,31.3056,38.98,27.84,28.74
SYRUP,2024-11-09,28.8,33.85,27.48,30.77
SYRUP,2024-11-10,30.8,31.53,26.07,27.16
SYRUP,2024-11-11,27.18,32.39,26.79,28.35
SYRUP,2024-11-12,28.53,28.53,25.97,28.04
SYRUP,2024-11-13,28.02,30.73,26.11,29.59
SYRUP,2024-11-14,29.47,29.5,19.96,22.06
SYRUP,2024-11-15,22.15,22.82,20.2,20.2
SYRUP,2024-11-16,20.23,22.83,19.43,22.1
SYRUP,2024-11-17,22.2,22.66,21.31,21.46
SYRUP,2024-11-18,21.4,23.76,21.4,22.56
SYRUP,2024-11-19,22.57,22.66,19.88,21.87
SYRUP,2024-11-20,21.93,22.11,20.15,20.18
SYRUP,2024-11-21,20.21,27.05,20.21,24.75
SYRUP,2024-11-22,24.67,24.98,22.34,23.03
SYRUP,2024-11-23,23.06,23.86,22.25,22.67
SYRUP,2024-11-24,22.68,23.64,22.23,23.42
SYRUP,2024-11-25,23.38,23.57,21.12,21.44
SYRUP,2024-11-26,21.46,23.11,21.0,21.21
SYRUP,2024-11-27,21.26,23.05,20.97,22.06
SYRUP,2024-11-28,22.12,22.45,21.44,22.45
SYRUP,2024-11-29,22.39,22.4,20.04,20.53
SYRUP,2024-11-30,20.55,21.57,20.17,20.82
SYRUP,2024-12-01,20.84,21.13,19.82,20.21
SYRUP,2024-12-02,20.29,20.44,17.82,19.26
SYRUP,2024-12-03,19.48,22.45,18.79,21.56
SYRUP,2024-12-04,21.53,25.92,21.53,24.28
SYRUP,2024-12-05,24.49,24.52,21.11,22.08
SYRUP,2024-12-06,21.98,23.44,21.92,23.12
SYRUP,2024-12-07,23.08,23.22,22.25,22.82
SYRUP,2024-12-08,22.71,24.45,21.97,23.36
SYRUP,2024-12-09,23.35,24.36,21.12,22.0
SYRUP,2025-01-27,14.64,14.64,12.76,13.46
SYRUP,2025-01-28,13.59,14.42,13.35,13.51
SYRUP,2025-01-29,13.47,13.74,13.11,13.36
SYRUP,2025-01-30,13.37,13.68,13.19,13.51
SYRUP,2025-01-31,13.48,13.73,13.05,13.05
SYRUP,2025-02-01,13.01,13.56,12.83,12.83
SYRUP,2025-02-02,12.77,12.86,11.43,11.46
SYRUP,2025-02-03,11.39,13.54,9.18,13.48
SYRUP,2025-02-04,13.4,13.48,11.8,11.82
SYRUP,2025-02-05,12.04,12.26,11.35,11.42
SYRUP,2025-02-06,11.46,12.0,10.88,11.04
SYRUP,2025-02-07,11.09,11.64,10.98,10.98
SYRUP,2025-02-08,11.08,11.13,10.7,10.83
SYRUP,2025-02-09,10.84,12.4,10.72,11.19
SYRUP,2025-02-10,11.25,12.33,11.25,11.53
SYRUP,2025-02-11,11.59,11.73,11.19,11.29
SYRUP,2025-02-12,11.05,11.37,10.92,11.37
SYRUP,2025-02-13,11.34,11.34,10.95,11.28
SYRUP,2025-02-14,11.27,14.45,11.27,13.04
SYRUP,2025-02-15,13.08,13.66,12.44,13.25
SYRUP,2025-02-16,13.23,13.98,12.98,13.0
SYRUP,2025-02-17,13.18,13.96,13.18,13.5
SYRUP,2025-02-18,13.56,13.79,12.3,12.53
SYRUP,2025-02-19,12.63,13.53,12.45,13.17
SYRUP,2025-02-20,13.1,13.33,12.56,12.94
SYRUP,2025-02-21,12.81,14.67,12.78,13.66
SYRUP,2025-02-22,13.74,14.16,13.59,13.85
SYRUP,2025-02-23,13.96,17.08,13.79,15.35
SYRUP,2025-02-24,15.19,15.25,13.28,13.28
SYRUP,2025-02-25,13.2,13.27,12.04,13.05
SYRUP,2025-02-26,13.06,13.13,12.47,12.89
SYRUP,2025-02-27,12.91,14.07,12.74,13.37
SYRUP,2025-02-28,13.61,13.81,12.25,13.46
SYRUP,2025-03-01,13.33,13.33,12.27,12.37
SYRUP,2025-03-02,12.48,14.12,12.48,13.64
SYRUP,2025-03-03,13.84,14.08,12.34,12.34
SYRUP,2025-03-04,12.35,13.86,12.11,13.86
SYRUP,2025-03-05,13.88,15.02,13.19,14.47
SYRUP,2025-03-06,14.47,15.46,14.11,15.17
SYRUP,2025-03-07,14.98,15.42,13.66,14.23
SYRUP,2025-03-08,14.24,19.99,14.24,19.0
SYRUP,2025-03-09,19.36,19.36,13.88,14.5
SYRUP,2025-03-10,14.28,14.63,12.56,13.5
SYRUP,2025-03-11,13.55,13.73,12.26,13.33
SYRUP,2025-03-12,13.59,17.45,12.76,15.22
SYRUP,2025-03-13,15.3,17.81,14.07,14.22
SYRUP,2025-03-14,14.22,15.98,13.98,15.89
SYRUP,2025-03-15,15.89,18.47,15.32,16.0
SYRUP,2025-03-16,15.98,16.03,14.67,14.81
SYRUP,2025-03-17,14.74,15.35,14.7,15.03
SYRUP,2025-03-18,15.0,15.02,13.67,13.87
SYRUP,2025-03-19,13.96,14.77,13.95,14.13
SYRUP,2025-03-20,14.1,14.16,13.36,13.37
SYRUP,2025-03-21,13.28,13.63,12.72,12.8
SYRUP,2025-03-22,12.77,13.58,12.77,13.58
SYRUP,2025-03-23,13.52,13.6,12.84,13.48
SYRUP,2025-03-24,13.48,13.95,13.36,13.41
SYRUP,2025-03-25,13.24,14.34,13.1,14.33
SYRUP,2025-03-26,14.31,15.04,13.77,14.24
SYRUP,2025-03-27,13.91,14.47,13.68,14.05
SYRUP,2025-03-28,14.05,14.27,11.89,12.14
SYRUP,2025-03-29,12.14,12.17,11.17,11.45
SYRUP,2025-03-30,11.39,11.75,11.33,11.4
SYRUP,2025-03-31,11.44,12.85,11.36,12.4
SYRUP,2025-04-01,12.39,12.6,11.28,12.07
SYRUP,2025-04-02,12.08,12.62,11.86,12.12
SYRUP,2025-04-03,12.08,12.08,10.75,11.05
SYRUP,2025-04-04,11.04,11.39,10.95,11.26
SYRUP,2025-04-05,11.24,11.3,10.7,10.9
SYRUP,2025-04-06,10.93,11.1,9.25,9.63
SYRUP,2025-04-07,9.61,9.67,8.55,9.42
SYRUP,2025-04-08,9.51,10.43,9.41,9.5
SYRUP,2025-04-09,9.41,11.7,8.69,11.69
SYRUP,2025-04-10,11.61,11.61,10.14,10.66
SYRUP,2025-04-11,10.68,11.07,10.35,11.07
SYRUP,2025-04-12,11.1,11.39,10.87,11.28
SYRUP,2025-04-13,11.39,11.47,10.8,10.92
SYRUP,2025-04-14,10.87,11.34,10.86,10.86
SYRUP,2025-04-15,10.84,11.45,10.74,10.85
SYRUP,2025-04-16,10.87,14.13,10.71,13.57
SYRUP,2025-04-17,13.57,15.93,13.04,13.48
SYRUP,2025-04-18,13.55,16.08,13.12,15.6
SYRUP,2025-04-19,15.56,17.65,15.55,16.76
SYRUP,2025-04-20,16.63,16.9,15.03,15.38
SYRUP,2025-04-21,15.37,16.44,14.18,14.22
SYRUP,2025-04-22,14.35,17.41,14.35,16.81
SYRUP,2025-04-23,16.82,17.9,16.73,17.4
SYRUP,2025-04-24,17.48,17.57,16.08,16.7
SYRUP,2025-04-25,16.53,16.83,15.96,16.03
SYRUP,2025-04-26,16.26,16.26,15.54,15.73
SYRUP,2025-04-27,15.7,15.93,14.83,14.89
SYRUP,2025-04-28,14.82,14.92,14.49,14.49
SYRUP,2025-04-29,14.51,14.6,13.59,13.7
SYRUP,2025-04-30,13.7,14.15,13.43,13.64
