date,close_usd,volume
2021-01-01,29130.21,9211.491621010005
2021-01-02,33026.28,13444.106964420012
2021-01-03,32759.78,17953.046058420005
2021-01-04,31172.41,22515.069433799996
2021-01-05,33467.68,12973.909376169968
2021-01-06,35347.64,17783.764867280006
2021-01-07,38938.35,23660.191224569993
2021-01-08,39948.98,21537.934680900013
2021-01-09,40728.95,12549.046324949997
2021-01-10,38078.08,10544.175789019988
2021-01-11,32517.53,40440.194577780014
2021-01-12,35022.26,22116.760872250015
2021-01-13,35705,13695.525416000004
2021-01-14,39296.62,12532.53833895001
2021-01-15,35438.16,12611.575662169997
2021-01-16,36500.42,8992.083258040007
2021-01-17,35680,7355.725350540002
2021-01-18,35797.47,6440.768329380008
2021-01-19,36446.95,6255.489842139998
2021-01-20,35259.22,11832.319630730006
2021-01-21,31742.9,18068.13615031
2021-01-22,33345.79,19490.28300091997
2021-01-23,32203.32,6573.375759660013
2021-01-24,31850.03,4013.5608861900005
2021-01-25,33676.48,9100.120847189997
2021-01-26,32286.06,10794.998460520006
2021-01-27,29723.39,19774.627887559975
2021-01-28,32696.01,18580.867131250037
2021-01-29,35177,32183.51560815002
2021-01-30,34363.24,10780.729800430008
2021-01-31,32487.61,4789.063840059992
2021-02-01,33737.3,8406.445297399998
2021-02-02,35314.31,6773.643117239992
2021-02-03,37185.59,8336.224401260006
2021-02-04,37200,12117.871291010013
2021-02-05,37423.85,5618.997280969996
2021-02-06,40341.59,7932.797220520001
2021-02-07,38319.25,6962.774234040003
2021-02-08,42705.78,14656.799001859998
2021-02-09,47072.73,15913.436309480025
2021-02-10,45144.15,9994.569354609992
2021-02-11,47711.78,8510.807338530003
2021-02-12,47312.34,7162.515778930016
2021-02-13,46839.5,4571.109495580003
2021-02-14,48764.35,5117.365826600011
2021-02-15,48347.04,6650.493706810008
2021-02-16,48660.94,7864.0137024900005
2021-02-17,51427.4,9283.904891190008
2021-02-18,51800,6584.807269819991
2021-02-19,55343.71,7941.919055910006
2021-02-20,57149.51,6660.052693819992
2021-02-21,58192.79,4117.962775639994
2021-02-22,53240.21,15424.958136380008
2021-02-23,46864.91,18177.8985451
2021-02-24,49618.4,9212.833737639985
2021-02-25,49601.25,7123.844876660011
2021-02-26,47309.17,8875.23448346999
2021-02-27,47167.77,3637.965811529999
2021-02-28,43724.75,5898.936020410001
2021-03-01,48534.26,8403.175221570007
2021-03-02,47695.11,5932.474371209999
2021-03-03,51277.66,6142.10263857001
2021-03-04,47566.05,5363.190915070002
2021-03-05,48498.21,5574.057609129997
2021-03-06,48505.9,2457.1744857000003
2021-03-07,50401.04,2434.9885917800007
2021-03-08,50793.13,4104.161426250007
2021-03-09,53923.77,5733.358253049999
2021-03-10,56727.25,5938.697016449997
2021-03-11,57525.09,7399.504673819995
2021-03-12,57363.41,5469.1074571900035
2021-03-13,60295.01,5701.378731379997
2021-03-14,59914.15,3997.612395360005
2021-03-15,56631.96,7469.206121140002
2021-03-16,55771.8,7671.145759640004
2021-03-17,57909.51,5735.714876200006
2021-03-18,57269.83,5837.240568159999
2021-03-19,58884.88,3647.6172635299954
2021-03-20,59264.78,2500.988676699998
2021-03-21,57583.82,3611.2466620499986
2021-03-22,55593.39,4164.021796260001
2021-03-23,55009.03,7101.241609970005
2021-03-24,54703.59,5318.799119459998
2021-03-25,52184.05,8039.110540450005
2021-03-26,53865.81,5091.314118970005
2021-03-27,55842.61,2764.770944609994
2021-03-28,55228.45,2100.199508
2021-03-29,57665.67,5046.378920139996
2021-03-30,59118.91,3855.9521251000033
2021-03-31,58582.36,4338.27902719
2021-04-01,58899.97,3038.747241809999
2021-04-02,58864.8,2637.3270745600043
2021-04-03,58636.49,1432.7859409800021
2021-04-04,57969.03,1752.1106473499992
2021-04-05,59028.06,2267.9356025400025
2021-04-06,58258.14,2683.400146330004
2021-04-07,56127.66,5089.524585990007
2021-04-08,57742.55,4958.717531059999
2021-04-09,58373.13,2764.2096020699996
2021-04-10,59548.73,3586.479206939999
2021-04-11,59661.24,2102.4124630599977
2021-04-12,60039.68,3597.2959183199973
2021-04-13,63044.49,5679.162337499995
2021-04-14,62139.52,5454.567638479999
2021-04-15,63460.99,3898.8739582600056
2021-04-16,61848.34,5893.063491849995
2021-04-17,60755.55,2885.1454925400008
2021-04-18,55832.73,12125.27454374998
2021-04-19,56027.41,6426.778637399999
2021-04-20,56639.29,5748.170403470006
2021-04-21,55518.27,4572.626958849996
2021-04-22,52957.17,6558.22063978999
2021-04-23,50941.32,13074.779559980023
2021-04-24,50729.57,3507.3874856399984
2021-04-25,49414.37,3127.175166549997
2021-04-26,54101.16,6934.354801480004
2021-04-27,54846.25,4429.129730130001
2021-04-28,55461.68,4132.774175379999
2021-04-29,52888.31,4341.638904229998
2021-04-30,57098.08,4736.8189859499935
2021-05-01,57822.6,2745.3486011800014
2021-05-02,56888.61,1888.7560957699998
2021-05-03,57589.8,3236.7994544599956
2021-05-04,54594.15,5374.405849709987
2021-05-05,57186.27,5841.358928159996
2021-05-06,56180.86,5259.347102080005
2021-05-07,57648.3,4326.274192910003
2021-05-08,59149.79,3140.298029299999
2021-05-09,57352.77,2577.692106509998
2021-05-10,55694.85,4680.054784559999
2021-05-11,56729.69,5901.205080690005
2021-05-12,54496.28,4415.484875630001
2021-05-13,48549.37,10871.346226139995
2021-05-14,50198.39,4231.825220309998
2021-05-15,48071.37,3184.7321080600013
2021-05-16,45550,4474.189535010003
2021-05-17,44225.96,13324.27632511001
2021-05-18,43297.57,6651.064504810006
2021-05-19,39407.94,30299.79952497002
2021-05-20,40214.36,16168.71989762995
2021-05-21,36094.58,11808.455465799989
2021-05-22,37379.12,7824.312768339996
2021-05-23,33101.38,8483.383951650001
2021-05-24,39641.54,10242.65745078999
2021-05-25,37365.72,6776.528522900009
2021-05-26,38554.15,4194.053048340002
2021-05-27,38828.53,4121.977228
2021-05-28,35802.58,5572.361978899997
2021-05-29,34059.74,5004.322596990002
2021-05-30,36102.48,3114.299534159996
2021-05-31,36907.65,4328.982676430003
2021-06-01,35964.59,4384.547097910001
2021-06-02,37895.52,4157.155941309996
2021-06-03,38598.24,4073.201131520002
2021-06-04,36835.04,5813.204738290002
2021-06-05,35764.83,3748.1918618399986
2021-06-06,35762.58,2878.631214479999
2021-06-07,35649,3882.508262499991
2021-06-08,32913.02,9512.962392699983
2021-06-09,36291.76,8471.679235889995
2021-06-10,36706.18,6274.516434939994
2021-06-11,37268.86,3907.0624601800037
2021-06-12,35745.71,3872.6353539400006
2021-06-13,37695.47,2729.7025634200045
2021-06-14,39696.86,6915.349468349989
2021-06-15,39980.88,4141.5319285900005
2021-06-16,38687.88,4051.1074545000024
2021-06-17,37700,3373.8511523499988
2021-06-18,35335.67,4188.742263490001
2021-06-19,35944.15,3309.5524310000055
2021-06-20,35512.07,3869.040843879999
2021-06-21,32592.83,8084.855625990012
2021-06-22,32409.31,10253.30000116
2021-06-23,32898.7,5519.355014370003
2021-06-24,34858.8,5371.42437608
2021-06-25,32261.63,4502.83795241
2021-06-26,31594.35,3794.2461064999984
2021-06-27,32827.86,2823.5669409699976
2021-06-28,34459.15,3804.7566910200007
2021-06-29,36418.26,3171.1530767600007
2021-06-30,34780.49,3057.890707290001
2021-07-01,33119.94,3600.277558199997
2021-07-02,33358.58,2107.3651486999966
2021-07-03,34759.19,1260.54206075
2021-07-04,35572.8,1126.6676219199983
2021-07-05,34136.51,2125.7547709899995
2021-07-06,34028.97,2587.9674177200022
2021-07-07,34648.94,1494.8133525400006
2021-07-08,32999.01,2975.0440491100003
2021-07-09,33452.31,1663.579289500001
2021-07-10,33418.82,1399.7968575800012
2021-07-11,33902.61,1497.3763809200013
2021-07-12,32832.24,1974.709466260002
2021-07-13,32297.88,1987.2660463499988
2021-07-14,32739.16,2740.3846247299984
2021-07-15,31539.48,2422.7611139899977
2021-07-16,31938.31,1964.673211800002
2021-07-17,31856.73,1491.318868529999
2021-07-18,31654.11,1336.2887919300042
2021-07-19,30728.85,2459.374938889999
2021-07-20,29790.12,3191.536763000005
2021-07-21,31649.06,4877.2380817300045
2021-07-22,32395.05,2539.071488669998
2021-07-23,32273.14,1786.8883379800013
2021-07-24,33883.88,1701.4181664599969
2021-07-25,34379,1690.638031229999
2021-07-26,39362.65,7048.708500720009
2021-07-27,37828.87,7767.934537970006
2021-07-28,40410.91,4085.094075959997
2021-07-29,39699.25,2221.272589029997
2021-07-30,39901,2724.141956910003
2021-07-31,41335.16,2568.1780757799975
2021-08-01,41260,1536.3021214000023
2021-08-02,39189.39,2765.9024392900023
2021-08-03,37984.63,3017.2619234
2021-08-04,39751.38,4469.6460343099925
2021-08-05,40695.28,5561.640493099999
2021-08-06,42913.5,3232.933926339996
2021-08-07,44015.1,4100.875021419997
2021-08-08,43743.7,4321.247763439998
2021-08-09,46021.26,3927.991152050005
2021-08-10,45529.93,3476.7666583899995
2021-08-11,46475.2,2490.886834270002
2021-08-12,44411.82,2580.4274871599996
2021-08-13,46467.6,2272.4155843699987
2021-08-14,47098.49,2654.621676419999
2021-08-15,46366.38,1558.834843559999
2021-08-16,46101.61,2488.424991389999
2021-08-17,45482.99,2902.6492182099996
2021-08-18,44898.4,2733.602469179994
2021-08-19,46710.14,2448.32336977
2021-08-20,48701.97,2917.788728390001
2021-08-21,48979.19,2034.4699839300004
2021-08-22,48692.21,1018.4559053800002
2021-08-23,49228.63,2337.7355478500003
2021-08-24,48249.72,2236.488512930003
2021-08-25,48684.36,1899.3052206900004
2021-08-26,46967.83,2111.576197679999
2021-08-27,48339.59,1856.7490641599995
2021-08-28,48677.19,898.74844345
2021-08-29,48830.47,970.54874799
2021-08-30,48650,1353.1247528899999
2021-08-31,47321.52,2237.7553625200007
2021-09-01,48162.13,2459.067569829998
2021-09-02,49355.82,2337.1921271600045
2021-09-03,50568.41,2134.312229940005
2021-09-04,50023.26,995.2088070199997
2021-09-05,50722.13,754.69424672
2021-09-06,51750,2086.7478548099975
2021-09-07,46693.9,6170.659958430004
2021-09-08,46466.52,3797.5039368500047
2021-09-09,46582.77,2858.884831259998
2021-09-10,45645.39,2068.345576489998
2021-09-11,45373.69,1313.340479259999
2021-09-12,45914.13,844.64328899
2021-09-13,44772.31,2432.497471520004
2021-09-14,46490.9,1515.9837866599996
2021-09-15,48108.49,1412.6492509700022
2021-09-16,47458.06,1816.8167828500004
2021-09-17,47485,1573.915313339999
2021-09-18,48271.63,1509.9849523800003
2021-09-19,47391,947.7170144000003
2021-09-20,43879.23,3983.8464210799993
2021-09-21,42014.08,4785.000941780005
2021-09-22,43451.34,4154.6213273299945
2021-09-23,44823.96,2656.4480241900014
2021-09-24,42418.01,4296.165411610003
2021-09-25,42666.86,1058.0593469400014
2021-09-26,43261.11,1389.239902139999
2021-09-27,43057.01,1659.240621839999
2021-09-28,41575.9,2610.2607077600046
2021-09-29,41194.33,1891.3479991700024
2021-09-30,43540,2555.5839178899987
2021-10-01,48046.25,3380.908423420001
2021-10-02,48274.06,1510.6286018699998
2021-10-03,48818.68,1004.7236827000013
2021-10-04,49403.87,2717.480458249998
2021-10-05,51220.53,1998.3663111499982
2021-10-06,55080.67,4665.218050880001
2021-10-07,53991.95,2460.8720110699974
2021-10-08,54709.69,2140.1900375400032
2021-10-09,54669.39,1205.3814936099993
2021-10-10,55503.36,1147.8729593799983
2021-10-11,57493.74,2443.8891003999997
2021-10-12,55307.14,2807.7065415300003
2021-10-13,57271.1,3663.1924452599997
2021-10-14,57874.33,2057.3878469000006
2021-10-15,61454.19,3715.7236945399977
2021-10-16,60837.26,1782.5083014999968
2021-10-17,60521.65,764.5891888799993
2021-10-18,61437.66,5600.840710829991
2021-10-19,64248.07,3092.1019683700047
2021-10-20,66407.91,3731.5695375200016
2021-10-21,62786.41,3971.610513420004
2021-10-22,61035.68,3139.5357450999973
2021-10-23,61017.81,1083.574245379999
2021-10-24,60660.2,1220.9584304799994
2021-10-25,62677.17,1675.6634278700017
2021-10-26,61976.54,1549.7821036600005
2021-10-27,59122.37,3670.694492340007
2021-10-28,61310,3458.7004038799973
2021-10-29,62574.67,4445.331873190008
2021-10-30,61759.54,1590.6658318999982
2021-10-31,60730.85,1452.1941328800015
2021-11-01,61496.4,2506.8237265700013
2021-11-02,63612.72,3020.4382726100043
2021-11-03,62853.04,2497.1865076200056
2021-11-04,61277.48,1601.6183874599988
2021-11-05,61148.05,1576.4680327700003
2021-11-06,61233.02,1174.321022590001
2021-11-07,62509.57,1099.3901044300012
2021-11-08,65953.85,2398.8617399099953
2021-11-09,66554.72,2420.8864142200023
2021-11-10,67773.76,1819.896844979999
2021-11-11,64794.67,3247.361047230001
2021-11-12,63908.14,2351.5304443799982
2021-11-13,64133.94,1105.5180207699989
2021-11-14,64013.96,1064.6498237699989
2021-11-15,63812.17,1868.2215333900003
2021-11-16,59965.27,4390.738044730006
2021-11-17,60482.42,3879.8514707799977
2021-11-18,58029.4,5372.866896490002
2021-11-19,57952.03,4122.65475492
2021-11-20,59490.18,1385.2826287599994
2021-11-21,59514.42,977.2117974999991
2021-11-22,56488.54,2270.6531803799976
2021-11-23,57457.9,3011.811295519996
2021-11-24,56804.69,2034.9965717599998
2021-11-25,59157.57,1409.0099996800006
2021-11-26,54098.57,4838.256219879998
2021-11-27,55030.06,1734.5425185600059
2021-11-28,54189.09,1118.029200249999
2021-11-29,58725.38,2236.57309157
2021-11-30,58349.19,3584.370912379999
2021-12-01,57516.92,1929.5698806100027
2021-12-02,56742.43,3429.53323464
2021-12-03,54881.49,1994.3420437699995
2021-12-04,48946.46,10485.050206670008
2021-12-05,49173.36,4764.528838469998
2021-12-06,49235.1,4994.731352840005
2021-12-07,50969.13,2299.7822884500024
2021-12-08,50595.05,1628.2567955599984
2021-12-09,47771.81,2320.3794193199988
2021-12-10,47844.95,2667.010931479998
2021-12-11,48679.95,1603.1145671799966
2021-12-12,50530.23,1220.8381020800007
2021-12-13,47482.97,2546.6104622099992
2021-12-14,46683.02,2560.576439120002
2021-12-15,47835.84,2081.2852503100003
2021-12-16,47999.48,2133.484670939999
2021-12-17,47010.22,1937.1730699299994
2021-12-18,46752.63,1198.7611973799983
2021-12-19,47152.4,1144.5527283499996
2021-12-20,46272.2,1598.3007766199987
2021-12-21,48473.38,1863.0735172199977
2021-12-22,48590.59,1331.0801007399994
2021-12-23,50576.36,1474.2623098099998
2021-12-24,51632.85,1557.1642812200027
2021-12-25,51031.89,838.4107805999995
2021-12-26,50404.53,1055.7938884300013
2021-12-27,51716.62,1126.198409839999
2021-12-28,47799.45,1967.0534001599992
2021-12-29,47548,2040.7364926500036
2021-12-30,47877.61,2325.8102825399983
2021-12-31,46648.83,1667.5901288499974
2022-01-01,47587.72,1144.56850913
2022-01-02,47068.62,581.2788223500002
2022-01-03,46463.8,987.1588600099992
2022-01-04,45734.74,1693.044654860002
2022-01-05,45927.26,2042.9133513199995
2022-01-06,43380.98,3940.318870019992
2022-01-07,41707.08,2951.9802438300003
2022-01-08,40664.58,1384.940314529999
2022-01-09,41993,1669.156757149999
2022-01-10,41638.27,3550.5979801000008
2022-01-11,42776.9,2437.6412720899984
2022-01-12,43628.46,2638.4219293700003
2022-01-13,42734.98,1982.834168869997
2022-01-14,43084.11,1507.9989130499996
2022-01-15,43387.3,705.1359491299992
2022-01-16,43088.22,664.3747822399997
2022-01-17,42210.87,850.5553262999978
2022-01-18,41629.14,1631.8271051400004
2022-01-19,42026.67,1747.1886860999991
2022-01-20,42847.85,1559.3902653199991
2022-01-21,38294.12,5264.857130209985
2022-01-22,34399.79,5898.4098710600065
2022-01-23,34981.42,2693.9501625400017
2022-01-24,36211.3,5765.420880130002
2022-01-25,37355.1,3459.2336545499943
2022-01-26,37975.94,2308.4872321900007
2022-01-27,36238.41,3937.09585788001
2022-01-28,37095.66,2815.231431580003
2022-01-29,37829.77,1442.9254776099986
2022-01-30,37848.77,864.4675738800009
2022-01-31,38479.91,1778.5871331800006
2022-02-01,38549.82,2280.7521050699993
2022-02-02,37535.42,1464.744699069999
2022-02-03,36795.98,1618.8554071099984
2022-02-04,40496.05,3523.652224809999
2022-02-05,41703.96,2482.2071971000014
2022-02-06,41529.67,874.1729254300003
2022-02-07,44114.19,2463.853436559997
2022-02-08,43012.22,2485.9599922100006
2022-02-09,44216.58,1755.6597488900031
2022-02-10,45251.87,2410.150481140001
2022-02-11,42699.87,2143.9755517699978
2022-02-12,42867.2,1304.2410718699982
2022-02-13,42003.38,637.2190679499993
2022-02-14,42259.82,1096.652610439998
2022-02-15,44154.8,1768.1539077600007
2022-02-16,43880.72,1166.4351956200003
2022-02-17,41331.01,2234.8271907099997
2022-02-18,40165.13,2544.2113762199983
2022-02-19,40148.73,887.0553147799994
2022-02-20,38423.09,1105.06968415
2022-02-21,37810.55,2959.8448454799977
2022-02-22,37741.64,2857.3531115200026
2022-02-23,37790.51,1700.341430459999
2022-02-24,36435.58,5409.5129833400115
2022-02-25,38685.67,3120.4911554299974
2022-02-26,39136.15,1083.668911800001
2022-02-27,38923.63,916.3861909399999
2022-02-28,41233.87,3085.289003429994
2022-03-01,43852,3597.1950137700014
2022-03-02,43621.93,2117.260476889999
2022-03-03,42264.52,1933.71061109
2022-03-04,40598.77,2431.9877058899965
2022-03-05,39403.69,1244.4821705599977
2022-03-06,38888.92,1092.52725803
2022-03-07,37995.65,1673.38182711
2022-03-08,38740.6,2151.1719577699996
2022-03-09,42047.59,2019.6521244900048
2022-03-10,39186.11,2474.75786935
2022-03-11,38654.92,1865.7043609099994
2022-03-12,39085.54,1301.4878389100015
2022-03-13,38883.69,550.438545150001
2022-03-14,38795.53,1401.4711752599997
2022-03-15,39718.5,1566.161727970001
2022-03-16,40897.34,5744.662608510005
2022-03-17,40906.04,2173.573437530001
2022-03-18,42055.89,2029.7682376599996
2022-03-19,42066.94,893.5182338799993
2022-03-20,41410,1036.8416429500019
2022-03-21,41199.35,2010.065410899999
2022-03-22,42309.72,2256.6373304199988
2022-03-23,42241.47,1920.766705760001
2022-03-24,43948.31,2252.09724373
2022-03-25,44470.73,1740.3595108299996
2022-03-26,44388.61,435.3892739999994
2022-03-27,44864.48,646.1657622400008
2022-03-28,47988.7,3423.1113402700057
2022-03-29,47755.31,1771.6789064600002
2022-03-30,47111.08,1796.7304208600012
2022-03-31,45622.39,1210.4214974599997
2022-04-01,46397.67,2140.810073220001
2022-04-02,46173.21,726.2117908499985
2022-04-03,46425.74,747.2466294599998
2022-04-04,45941.38,1549.8218701400006
2022-04-05,45996.45,1311.821324769998
2022-04-06,43772.68,2970.1189925399995
2022-04-07,43400,1538.413248089997
2022-04-08,42745.99,1361.7985191499997
2022-04-09,42532.37,625.1695402400006
2022-04-10,43274.32,528.6917208199997
2022-04-11,40001.68,2128.77026486
2022-04-12,39299.35,2391.5120345299965
2022-04-13,41067.61,1796.4378732000011
2022-04-14,39785.01,1132.7500672600002
2022-04-15,40329.67,816.35391598
2022-04-16,40228.65,352.66350566
2022-04-17,40397.99,410.0203093999996
2022-04-18,40664.76,2453.639601650001
2022-04-19,41444.08,1325.0454905700017
2022-04-20,41192.59,1492.2063274499997
2022-04-21,41225.89,1628.246197419999
2022-04-22,39500.77,2689.943053959999
2022-04-23,39774.97,417.6929692799991
2022-04-24,39712.15,586.2507967700003
2022-04-25,40235.39,2041.5717261000004
2022-04-26,38280,2598.585555530001
2022-04-27,38880.44,2112.0383698600044
2022-04-28,39999.79,2001.0790145300011
2022-04-29,38336.85,1615.2006383499988
2022-04-30,38487.71,566.3739039400004
2022-05-01,37796.4,1264.812382080002
2022-05-02,38544.97,1501.9496196700004
2022-05-03,37707.07,1206.1162210699995
2022-05-04,39837.52,2188.0239451300017
2022-05-05,36351.93,3512.502730379998
2022-05-06,35988.76,2996.1526797199976
2022-05-07,35867.78,531.7702979700005
2022-05-08,34595.74,3131.58562982
2022-05-09,30958.65,5792.307207679997
2022-05-10,31323.69,8636.871121490005
2022-05-11,29314.51,9435.528047180007
2022-05-12,28558.82,18067.627895839985
2022-05-13,30027.62,6450.876519799999
2022-05-14,29298.37,3178.2610864200005
2022-05-15,30430.91,2016.7597411599995
2022-05-16,29569.7,3312.1937895999995
2022-05-17,30074.73,2216.9083473100027
2022-05-18,29219.79,2189.060688200001
2022-05-19,29925.07,2678.96286716
2022-05-20,29253.88,2434.8254026900004
2022-05-21,29439.71,582.125435480001
2022-05-22,29902.45,1163.2210362299993
2022-05-23,29050,2041.6588035999996
2022-05-24,29362.16,1543.7630077400017
2022-05-25,29563.54,1679.9831859500016
2022-05-26,29366.82,2822.376105949996
2022-05-27,28855.34,2096.706680089998
2022-05-28,29003.52,786.540665049999
2022-05-29,29105.21,892.0073638499993
2022-05-30,30630.52,2361.0960072400017
2022-05-31,31610.61,2547.6650940699974
2022-06-01,30104.83,2139.6465912300005
2022-06-02,30284.03,1596.3289530899988
2022-06-03,29562.14,1258.5721697800002
2022-06-04,29636.08,455.4390278899997
2022-06-05,30043.39,598.6597965700012
2022-06-06,31441.76,2425.42498821
2022-06-07,31024.08,2803.062468319995
2022-06-08,30116,2775.204985759999
2022-06-09,29990.88,967.4284863599996
2022-06-10,28937.05,2512.622357970004
2022-06-11,28571.03,1665.995847349998
2022-06-12,27387.23,2182.012839230003
2022-06-13,23144.08,11560.651178919992
2022-06-14,22159.78,9056.313994190008
2022-06-15,21592.6,13498.109222350013
2022-06-16,20848.73,4632.9229066200105
2022-06-17,20500,4612.038343309999
2022-06-18,18047.74,5586.1893674099965
2022-06-19,20090.03,7131.082193730009
2022-06-20,20051.04,5027.315900649996
2022-06-21,20871.69,3922.2698675200068
2022-06-22,20100.98,4034.7507616399985
2022-06-23,20894.01,2468.9559542499996
2022-06-24,21233.64,2887.0383125899994
2022-06-25,21194.44,1297.7954739799989
2022-06-26,21277.6,1346.7598632100012
2022-06-27,20829.08,1766.8517453200002
2022-06-28,20238.96,2015.8655131300018
2022-06-29,20201.96,1596.4934014000003
2022-06-30,18901.6,2754.5159975499987
2022-07-01,19359.05,6481.660664440008
2022-07-02,19246.22,1126.1862347500003
2022-07-03,19480.6,1897.3588522099988
2022-07-04,19803.63,1945.6962469899986
2022-07-05,20378.7,2658.7593255899988
2022-07-06,20295.32,2346.1754956200007
2022-07-07,21835.16,3300.855733259999
2022-07-08,21786.43,3424.4407089200076
2022-07-09,21618.77,1092.8113446999998
2022-07-10,20918.25,1226.6497566099988
2022-07-11,20491.63,1362.60871038
2022-07-12,19382.5,1870.1466226100001
2022-07-13,19645.03,2830.1437950300046
2022-07-14,20578.79,2957.3939633299988
2022-07-15,21159.36,1535.89386116
2022-07-16,21182.79,1652.2857232200001
2022-07-17,21030.89,1538.3122988199987
2022-07-18,21615,3671.810757050005
2022-07-19,23409.44,4784.173382449992
2022-07-20,23673.67,3792.499824670001
2022-07-21,23210.61,2948.728030909999
2022-07-22,22591.06,2189.379197909999
2022-07-23,22281.94,997.2807393899988
2022-07-24,22716.65,687.8326611400003
2022-07-25,21905.01,1687.585118810001
2022-07-26,20935.13,2327.31432987
2022-07-27,22780.6,2853.8925575299977
2022-07-28,23790.88,3335.5195743200024
2022-07-29,23899.15,2722.4654672200018
2022-07-30,23944.23,1648.1680283499993
2022-07-31,23837.21,1786.8063553500037
2022-08-01,22971.06,1340.8750045399975
2022-08-02,22954.9,1560.1809227600006
2022-08-03,23472.97,1019.383435559999
2022-08-04,22460.9,1788.9879055899983
2022-08-05,22949.16,1929.2212539800005
2022-08-06,23199.13,755.2996085100004
2022-08-07,23163.32,628.8253869499996
2022-08-08,23933.95,1728.385885909998
2022-08-09,23072.86,1364.1055165800021
2022-08-10,23646,1993.2123048999997
2022-08-11,24240,2122.8216468900055
2022-08-12,24194,1395.6609480600005
2022-08-13,24418,967.2628994699988
2022-08-14,24292,1349.5259533799995
2022-08-15,23982,1595.3494440299992
2022-08-16,23941,984.8033049699998
2022-08-17,23279,1674.5779665099994
2022-08-18,23341,964.1112886200003
2022-08-19,21334,3118.349911870004
2022-08-20,20989,1729.8109859299996
2022-08-21,21516,1012.5509189399992
2022-08-22,21042,1549.0905707699985
2022-08-23,21516,1382.7173716900024
2022-08-24,21701,1664.42054083
2022-08-25,21602,1249.5828025500007
2022-08-26,20648,3019.9332158900024
2022-08-27,20025,1843.5474479600005
2022-08-28,19973,538.1013643299999
2022-08-29,20092,1556.5672197999997
2022-08-30,19955,1995.3138213599993
2022-08-31,20219,1910.7252547000026
2022-09-01,19872,1983.4214781900005
2022-09-02,19911,1968.0573133800017
2022-09-03,19716,526.7386866100003
2022-09-04,19881,434.6552182399998
2022-09-05,19704,885.6279449400002
2022-09-06,18820,2415.1295493899997
2022-09-07,19000,2386.7378522499976
2022-09-08,19351,1965.2557052299996
2022-09-09,21296,3859.3801056599973
2022-09-10,21587,1610.6632638600006
2022-09-11,21625,807.7317603799994
2022-09-12,22431,2635.338254839996
2022-09-13,20288,3481.421187560002
2022-09-14,19968,2976.34483121
2022-09-15,19779,2585.587618990003
2022-09-16,19615,2490.832872899999
2022-09-17,20010,1160.4680243799978
2022-09-18,19722,1307.0738545
2022-09-19,19514,3636.041707020002
2022-09-20,18993,2439.2132828399986
2022-09-21,19011,4426.501631589999
2022-09-22,19308,3650.8033448999945
2022-09-23,18815,2240.0153085899997
2022-09-24,19110,1250.8125123800028
2022-09-25,18917,792.2158262299995
2022-09-26,19200,3355.01750517
2022-09-27,19082,4266.316238770005
2022-09-28,19543,3955.65573577
2022-09-29,19399,1867.0577118300012
2022-09-30,19495,2393.568685060001
2022-10-01,19269,471.13383638000045
2022-10-02,19261,403.89076846000023
2022-10-03,19539,1109.181573519999
2022-10-04,20221,1888.615122500001
2022-10-05,20114,2460.3076734799997
2022-10-06,20019,1216.7036289500008
2022-10-07,19463,1483.200283599999
2022-10-08,19474,416.0259606099999
2022-10-09,19468,858.5874099300001
2022-10-10,19218,934.73169012
2022-10-11,18996,1498.6300556300007
2022-10-12,19140,832.9102935999994
2022-10-13,19375,2759.8930280099985
2022-10-14,19169,1478.2110542999992
2022-10-15,19105,355.8299165200003
2022-10-16,19375,349.4668873499999
2022-10-17,19527,1138.4287821599999
2022-10-18,19220,1426.5742107199983
2022-10-19,19226,1329.1164245499988
2022-10-20,19061,1496.8819204199997
2022-10-21,19189,2036.3109246500007
2022-10-22,19186,476.8291472299997
2022-10-23,19507,914.2175349800006
2022-10-24,19345,1251.4993507
2022-10-25,20276,2844.8078466399993
2022-10-26,20751,2631.638925689999
2022-10-27,20628,1595.3609840200006
2022-10-28,20614,2010.5286359100005
2022-10-29,20844,1128.3281178400011
2022-10-30,20655,841.1031295700002
2022-10-31,20368,1800.5434787899987
2022-11-01,20445,1336.009997230002
2022-11-02,20263,2113.52903992
2022-11-03,20265,1197.148450729999
2022-11-04,21102,3211.6888963899987
2022-11-05,21335,1056.1685329099992
2022-11-06,21222,450.7526966799999
2022-11-07,20707,1243.2733393699991
2022-11-08,18612,7815.4928895299945
2022-11-09,16585,10696.838648160012
2022-11-10,17354,9234.310729140017
2022-11-11,16806,5707.793362429999
2022-11-12,16842,3041.3191308200057
2022-11-13,16499,2095.4094831100024
2022-11-14,16590,7377.615843490007
2022-11-15,16721,6246.71335321999
2022-11-16,16534,4041.3420490000017
2022-11-17,16694,2745.641084189997
2022-11-18,16570,2821.3247604500043
2022-11-19,16612,1339.3902577799981
2022-11-20,16562,1532.8261076899996
2022-11-21,15954,4399.708645620001
2022-11-22,16124,5099.045002840001
2022-11-23,16525,3169.8296969399985
2022-11-24,16576,2752.105076780007
2022-11-25,16483,1866.56739262
2022-11-26,16467,1506.8076574200024
2022-11-27,16556,1216.603144380001
2022-11-28,16156,3419.4627000600003
2022-11-29,16412,2131.367180200004
2022-11-30,16926,3622.508668760003
2022-12-01,16934,3766.387993289999
2022-12-02,16957,2401.9973159499978
2022-12-03,16972,1440.7640346399994
2022-12-04,17068,1651.1386441499988
2022-12-05,17048,2122.5256601299993
2022-12-06,16977,1425.2443535400005
2022-12-07,16789,1263.9205691900029
2022-12-08,17244,1346.0846911500005
2022-12-09,17150,1615.021448819998
2022-12-10,17188,738.6135893599992
2022-12-11,17200,781.2328099299989
2022-12-12,17029,1907.5336788199968
2022-12-13,17713,3679.206607689997
2022-12-14,18231,3016.4593713299996
2022-12-15,17398,2734.4313403099995
2022-12-16,16824,2585.9658907100015
2022-12-17,16708,1770.6520022099962
2022-12-18,16746,618.430672379999
2022-12-19,16544,1655.5523422200001
2022-12-20,16840,2478.5405312199955
2022-12-21,16791,1577.01675988
2022-12-22,16616,1678.208520840001
2022-12-23,16836,2371.420543669998
2022-12-24,16841,1151.722324999999
2022-12-25,16779,735.7514612800007
2022-12-26,16816,744.9261663299995
2022-12-27,16622,1871.248471039996
2022-12-28,16631,2178.9394338600014
2022-12-29,16626,1602.4889306500013
2022-12-30,16564,2212.003415099997
2022-12-31,16567,964.9224558200007
2023-01-01,16584,513.2430592499999
2023-01-02,16718,870.3821927399979
2023-01-03,16638,1522.8653937800004
2023-01-04,16948,1799.694880019999
2023-01-05,16839,1312.8461055700034
2023-01-06,16845,1408.1914635800003
2023-01-07,16936,973.8864354500006
2023-01-08,16926,584.1951651299989
2023-01-09,17350,2173.9916868100004
2023-01-10,17434,1511.1463622900005
2023-01-11,17488,1369.349976779999
2023-01-12,18802,4710.45370545
2023-01-13,19300,3669.112862179997
2023-01-14,20761,7728.034525730011
2023-01-15,20819,1518.2946194600015
2023-01-16,21284,2809.888067410002
2023-01-17,21351,2692.102878849996
2023-01-18,20934,3452.2507401900016
2023-01-19,20981,2432.47606111
2023-01-20,21391,2072.8960291399985
2023-01-21,23253,3940.995241219996
2023-01-22,22838,1439.4708116699976
2023-01-23,22950,1975.406332640001
2023-01-24,23003,1626.7691437699993
2023-01-25,22732,1678.1742090300006
2023-01-26,23042,2848.196107239998
2023-01-27,23191,1788.646492699999
2023-01-28,23004,1137.238864140001
2023-01-29,23688,1388.7471764699997
2023-01-30,23136,1741.368664729998
2023-01-31,23171,1629.9557884899991
2023-02-01,23068,1592.561678929999
2023-02-02,24061,3675.8421915100007
2023-02-03,23420,1900.0343708799971
2023-02-04,23451,1012.7730184299985
2023-02-05,22854,1297.986319249999
2023-02-06,23022,1734.708081100002
2023-02-07,22927,2350.04968877
2023-02-08,22897,1745.4706459900005
2023-02-09,22514,1410.2787396400008
2023-02-10,21707,2208.5258242199984
2023-02-11,21657,900.0836041100017
2023-02-12,21977,1378.680156350002
2023-02-13,21651,1803.796572889999
2023-02-14,22129,2147.63509107
2023-02-15,22978,1299.6491550000005
2023-02-16,24972,3834.976182189998
2023-02-17,24365,3208.889297110003
2023-02-18,24718,1813.6732305399996
2023-02-19,24479,1543.3548646099998
2023-02-20,24822,1947.9319095100013
2023-02-21,24692,2103.616809360001
2023-02-22,23745,2016.5289390600012
2023-02-23,23863,2194.580194260002
2023-02-24,23090,2330.9322333499977
2023-02-25,22984,1365.7415112699978
2023-02-26,23479,907.9370857099995
2023-02-27,23290,1783.271321700001
2023-02-28,23485,1085.815673299999
2023-03-01,23695,1869.3556211200041
2023-03-02,23452,1183.552506569999
2023-03-03,22314,2833.014051880004
2023-03-04,22324,742.4914412800001
2023-03-05,22437,762.6335484199996
2023-03-06,22504,1221.352855199999
2023-03-07,22201,1684.6520582900018
2023-03-08,22021,1558.8619798899995
2023-03-09,21008,1932.12831573
2023-03-10,19851,5571.315331989995
2023-03-11,20459,4040.6726306099995
2023-03-12,21089,2615.203279929997
2023-03-13,24388,7663.537152620002
2023-03-14,25128,7272.95435408
2023-03-15,24442,5189.896072120004
2023-03-16,25033,2474.4691216500005
2023-03-17,26887,4121.09122361
2023-03-18,27425,3848.6764296800047
2023-03-19,28347,2555.221255710001
2023-03-20,27870,4070.597956270002
2023-03-21,28205,3118.9478482400027
2023-03-22,26700,4259.492032609999
2023-03-23,28405,3834.286941809997
2023-03-24,27855,2647.5246680499954
2023-03-25,27243,1324.09315661
2023-03-26,27852,1012.584513779999
2023-03-27,26970,2313.1859189600036
2023-03-28,27427,2137.662158620003
2023-03-29,28417,2019.6325357000032
2023-03-30,27977,2996.9658914100014
2023-03-31,28460,2417.1575788599985
2023-04-01,28398,693.8582792200001
2023-04-02,27966,635.2401498700002
2023-04-03,28098,1713.5569024300014
2023-04-04,28201,2033.3923194499976
2023-04-05,28258,1601.252172539999
2023-04-06,28037,1079.67515207
2023-04-07,27923,473.33352617999964
2023-04-08,27951,413.07208344000054
2023-04-09,28167,477.4566229700005
2023-04-10,29198,2168.1956512499983
2023-04-11,30158,3165.7588080999967
2023-04-12,29802,2158.2379894799997
2023-04-13,30364,1428.149850969998
2023-04-14,30342,2461.8148424599995
2023-04-15,30368,790.2138597999991
2023-04-16,30322,461.5340043499993
2023-04-17,29469,2094.596577160002
2023-04-18,30236,1848.9035231499993
2023-04-19,29245,3191.99293744
2023-04-20,28092,2994.3060604099933
2023-04-21,27275,2523.0404808699977
2023-04-22,27627,1003.1402560000007
2023-04-23,27471,956.2696201799988
2023-04-24,27380,2161.5622224800004
2023-04-25,27612,1520.9767495399988
2023-04-26,27897,4277.067899209997
2023-04-27,29662,4730.882350399998
2023-04-28,29337,2896.6030403400023
2023-04-29,29267,941.1127665899995
2023-04-30,29383,1361.9441503100002
2023-05-01,27821,2712.2409362000008
2023-05-02,28708,2070.4769507400006
2023-05-03,28331,2453.413130370002
2023-05-04,28902,2127.946223219999
2023-05-05,29586,1980.3681147199984
2023-05-06,28905,1334.6423164399982
2023-05-07,28950,977.5403633599988
2023-05-08,27363,2883.3567810900004
2023-05-09,27723,1727.934915849997
2023-05-10,27717,2639.8908184499987
2023-05-11,26852,2318.069572900001
2023-05-12,26473,4349.733583149995
2023-05-13,26853,1676.1257336300023
2023-05-14,26891,1381.4401307200008
2023-05-15,27413,1734.8643293299992
2023-05-16,26934,1846.6258898599988
2023-05-17,27375,2607.5211083799973
2023-05-18,26755,2002.6543517299983
2023-05-19,26836,1396.6858700400007
2023-05-20,27075,546.4435703699999
2023-05-21,26913,587.0706072300005
2023-05-22,26856,1171.2549636000017
2023-05-23,27195,1243.504737500001
2023-05-24,26246,2082.523769290002
2023-05-25,26467,1718.235424599998
2023-05-26,26775,1667.3228924599987
2023-05-27,26743,639.4515933099996
2023-05-28,27531,1301.371600350001
2023-05-29,27649,1984.969353130003
2023-05-30,27861,1594.637198540001
2023-05-31,27020,1800.221361200002
2023-06-01,26867,2024.534161889999
2023-06-02,27241,1708.6218010500008
2023-06-03,27109,768.115585059999
2023-06-04,27223,540.0669866600003
2023-06-05,25625,3909.9784744199987
2023-06-06,27099,3858.7101733699974
2023-06-07,26474,3084.1681508499983
2023-06-08,26546,1675.4562933300003
2023-06-09,26405,1128.1936701100003
2023-06-10,25761,3007.9836923299963
2023-06-11,26046,911.4391704499999
2023-06-12,25821,1931.7850650999972
2023-06-13,25896,1925.5136327000007
2023-06-14,25871,1604.4622280299993
2023-06-15,25439,3467.2180075400006
2023-06-16,26364,3136.240074069999
2023-06-17,26465,1135.5292288899989
2023-06-18,26643,787.7768890999989
2023-06-19,26668,1901.5499616699997
2023-06-20,28002,2536.570720560001
2023-06-21,30127,6477.982594230001
2023-06-22,30224,3513.9911513299962
2023-06-23,30905,4640.179793069996
2023-06-24,30646,1487.6481765599988
2023-06-25,30443,1372.7614330199997
2023-06-26,30254,2232.729908989998
2023-06-27,30679,1918.0078740800006
2023-06-28,30095,1904.166815339999
2023-06-29,30585,1794.710885
2023-06-30,30368,5165.823684499999
2023-07-01,30617,617.5327049400001
2023-07-02,30564,937.2829495999989
2023-07-03,31258,1645.3232347599997
2023-07-04,30708,965.6184181600003
2023-07-05,30439,1080.7096149000004
2023-07-06,30313,2696.547729419997
2023-07-07,30244,2226.0281928000036
2023-07-08,30117,710.99096202
2023-07-09,30249,629.3562493899994
2023-07-10,30840,1432.7716888299997
2023-07-11,30582,1760.1550431499988
2023-07-12,30278,1663.206386980003
2023-07-13,31637,2687.7633493999965
2023-07-14,30122,2785.29717291
2023-07-15,30340,831.6924635999985
2023-07-16,30260,883.2143262800004
2023-07-17,29901,1718.5535914700001
2023-07-18,29719,1761.9537399300034
2023-07-19,30047,1431.4608343199998
2023-07-20,29752,1475.4732122399998
2023-07-21,29874,1173.534050170002
2023-07-22,29841,588.5071690100009
2023-07-23,30089,845.0705387499994
2023-07-24,29107,2628.0921156500017
2023-07-25,29195,1415.7658996299986
2023-07-26,29403,1287.3556507499998
2023-07-27,29158,1548.4710372999998
2023-07-28,29319,1253.232727319998
2023-07-29,29339,437.3923431599998
2023-07-30,29197,617.2337694800001
2023-07-31,29157,997.2276977299986
2023-08-01,29258,1956.5756472699993
2023-08-02,29136,2369.7562838499994
2023-08-03,29260,1338.1789050999982
2023-08-04,28986,1286.4723357500009
2023-08-05,29037,548.7638237599995
2023-08-06,29051,321.9442558100002
2023-08-07,29119,1534.88731344
2023-08-08,29884,2102.783126150002
2023-08-09,29399,1707.613194760001
2023-08-10,29399,1214.6426964900006
2023-08-11,29364,860.0479862199998
2023-08-12,29403,360.0012993000001
2023-08-13,29422,247.81924245000016
2023-08-14,29323,1213.0990148799995
2023-08-15,29149,1132.2601157699992
2023-08-16,29078,1364.4584765100017
2023-08-17,27852,3252.873918270004
2023-08-18,26046,4779.0633348200045
2023-08-19,26126,1074.3140319100007
2023-08-20,26138,676.2406813600004
2023-08-21,26100,1415.780389260001
2023-08-22,25770,1453.5848940899994
2023-08-23,26626,2367.688123040002
2023-08-24,26016,2291.5266080199967
2023-08-25,25956,2039.6306272200022
2023-08-26,26028,241.84595818999966
2023-08-27,26115,390.0771047200002
2023-08-28,25976,1126.0000448599997
2023-08-29,27847,4428.304102879994
2023-08-30,27178,2134.5432172000014
2023-08-31,26181,2457.118112509999
2023-09-01,25622,2361.748224969997
2023-09-02,25836,703.8732709800013
2023-09-03,26002,664.95514572
2023-09-04,25886,986.5611700799983
2023-09-05,25672,1125.8342387199982
2023-09-06,25659,1230.3869259300018
2023-09-07,25886,962.4500543200003
2023-09-08,25885,2395.310939200004
2023-09-09,25867,469.50183570999974
2023-09-10,25793,683.6601240599985
2023-09-11,25005,2035.5809256900002
2023-09-12,26071,3228.4803757200066
2023-09-13,26146,1641.7249272699974
2023-09-14,26689,2125.3240120799987
2023-09-15,26404,1114.8057875999984
2023-09-16,26545,922.7177495499994
2023-09-17,26512,423.81848181000066
2023-09-18,26831,1954.8294915700012
2023-09-19,27199,1802.3049676000012
2023-09-20,26945,2285.3853277199973
2023-09-21,26602,1464.1048975399983
2023-09-22,26536,974.4887623100012
2023-09-23,26613,298.9842316599999
2023-09-24,26458,565.1321672199998
2023-09-25,26331,1432.538585890001
2023-09-26,26240,852.1869528600004
2023-09-27,26241,1497.0743608500015
2023-09-28,27103,3069.1128282700006
2023-09-29,26918,1473.773184259998
2023-09-30,27031,760.4294809099991
2023-10-01,27109,436.40549698999985
2023-10-02,27975,3085.3896819000065
2023-10-03,27267,1306.3635469700005
2023-10-04,27631,1454.43140054
2023-10-05,27483,1650.2205234299975
2023-10-06,27968,1528.2915837300025
2023-10-07,27882,576.8807393900004
2023-10-08,27913,478.87883650999925
2023-10-09,27616,1214.1228922199998
2023-10-10,27404,1212.4067989300024
2023-10-11,26753,1986.218098060001
2023-10-12,26705,1094.0029501300003
2023-10-13,26771,960.2660994100008
2023-10-14,26869,802.1203292299978
2023-10-15,27044,451.1958939599998
2023-10-16,28482,5018.711056440003
2023-10-17,28529,1825.9280960599986
2023-10-18,28259,1440.1704985900008
2023-10-19,28780,1519.8595433099988
2023-10-20,29581,2756.0940093200015
2023-10-21,30177,1023.0427322800007
2023-10-22,29861,812.4131678399983
2023-10-23,31379,3103.2352258300025
2023-10-24,33819,7028.033498359988
2023-10-25,34758,2929.204332120003
2023-10-26,34068,2225.763172470002
2023-10-27,33708,2087.3171763500022
2023-10-28,34125,858.3088967799989
2023-10-29,34583,780.7032900299996
2023-10-30,34439,2007.4533209699996
2023-10-31,34553,1142.13001689
2023-11-01,34575,1955.8964258099995
2023-11-02,34996,2134.5178768500004
2023-11-03,34543,1377.3076806299985
2023-11-04,34754,614.2915660100001
2023-11-05,35050,691.0393426600004
2023-11-06,34958,1233.5058817900003
2023-11-07,35382,1500.5182827400001
2023-11-08,35593,1230.393707260001
2023-11-09,36379,3407.396136999999
2023-11-10,37267,1414.1839693699992
2023-11-11,37139,955.7077879599988
2023-11-12,37154,764.6559379800005
2023-11-13,36749,1209.67212635
2023-11-14,35268,1665.1332559899995
2023-11-15,37400,2282.4685199799983
2023-11-16,36238,2119.2929141299983
2023-11-17,36487,2425.494221060004
2023-11-18,36736,582.0060998399995
2023-11-19,36854,538.989414010001
2023-11-20,37554,2909.3579688800023
2023-11-21,36913,2541.018804740002
2023-11-22,37197,1784.3529261599992
2023-11-23,37267,1688.4288399499987
2023-11-24,37750,1805.4289220100013
2023-11-25,37841,417.0814943799991
2023-11-26,37264,860.0309895600005
2023-11-27,36976,1229.108485929997
2023-11-28,38023,2206.432271920002
2023-11-29,37866,2556.267713380001
2023-11-30,37750,1254.807928550001
2023-12-01,38717,1631.9512509000012
2023-12-02,38894,507.53697866000084
2023-12-03,39568,1159.669475690001
2023-12-04,41726,2536.379737840002
2023-12-05,43696,2362.789792139998
2023-12-06,43938,1782.72852681
2023-12-07,43332,1569.1827664100008
2023-12-08,43840,1434.2750738200004
2023-12-09,43997,1310.567764039999
2023-12-10,43831,904.2395956100005
2023-12-11,40980,3801.3813372399964
2023-12-12,41264,2011.28121783
2023-12-13,42124,1723.9470282999985
2023-12-14,42871,3024.1095023700004
2023-12-15,42100,1422.730283770001
2023-12-16,42438,1081.1736886999984
2023-12-17,42129,1103.3907980699998
2023-12-18,41619,1742.2320855200007
2023-12-19,42197,2842.027132290001
2023-12-20,44161,2113.0566433900003
2023-12-21,43580,1978.9617871300022
2023-12-22,43983,1571.0422185999948
2023-12-23,43810,909.4427021900007
2023-12-24,43697,654.4698487000006
2023-12-25,43455,1097.9485026700002
2023-12-26,42128,2381.667198179998
2023-12-27,43203,1889.0102428000027
2023-12-28,42493,1588.1209550899976
2023-12-29,42062,2424.3267642600026
2023-12-30,42413,1260.7659300199991
2023-12-31,42639,1078.35041635
