date,close,open,high,low
2020-10-19,11478.88,11732.34,11778.11,11454.57
2020-10-20,11516.49,11609.56,11632.89,11471.23
2020-10-21,11484.69,11530.39,11613.79,11476.08
2020-10-22,11506.01,11526.97,11548.77,11369.29
2020-10-23,11548.28,11536.00,11548.85,11434.86
2020-10-26,11358.94,11440.64,11545.63,11221.06
2020-10-27,11431.35,11409.34,11465.06,11361.86
2020-10-28,11004.87,11230.90,11249.95,10999.07
2020-10-29,11185.59,11064.47,11287.63,11030.19
2020-10-30,10911.59,11103.47,11129.81,10822.57
2020-11-02,10957.61,11010.45,11071.08,10830.95
2020-11-03,11160.57,11038.66,11213.92,11004.84
2020-11-04,11590.78,11443.77,11663.31,11394.21
2020-11-05,11890.93,11816.33,11924.28,11784.15
2020-11-06,11895.23,11869.90,11920.54,11737.13
2020-11-09,11713.78,12046.66,12108.07,11703.49
2020-11-10,11553.86,11622.44,11665.87,11424.61
2020-11-11,11786.43,11656.65,11793.57,11638.90
2020-11-12,11709.59,11802.50,11847.84,11666.37
2020-11-13,11829.29,11794.94,11849.79,11715.52
2020-11-16,11924.13,11847.11,11937.72,11814.89
2020-11-17,11899.34,11913.35,11950.18,11852.41
2020-11-18,11801.60,11896.06,11942.49,11799.96
2020-11-19,11904.71,11779.04,11912.63,11760.98
2020-11-20,11854.97,11892.70,11935.47,11852.51
2020-11-23,11881.17,11916.76,11949.33,11796.53
2020-11-24,12037.33,11939.33,12049.88,11863.45
2020-11-25,12094.40,12069.34,12114.77,12020.95
2020-11-27,12205.85,12159.18,12236.23,12154.57
2020-11-30,12198.74,12224.25,12244.65,12027.16
2020-12-01,12355.11,12313.36,12405.79,12263.93
2020-12-02,12349.37,12285.75,12360.06,12217.35
2020-12-03,12377.18,12369.26,12439.02,12356.99
2020-12-04,12464.23,12399.32,12464.23,12376.44
2020-12-07,12519.95,12461.00,12536.23,12460.55
2020-12-08,12582.77,12503.17,12594.54,12453.21
2020-12-09,12338.95,12591.69,12607.14,12290.78
2020-12-10,12405.81,12247.55,12431.56,12214.74
2020-12-11,12377.87,12336.79,12383.50,12246.77
2020-12-14,12440.04,12447.44,12543.00,12432.71
2020-12-15,12595.06,12543.26,12596.13,12465.42
2020-12-16,12658.19,12611.04,12687.32,12566.38
2020-12-17,12764.75,12730.78,12765.25,12696.35
2020-12-18,12755.64,12804.93,12809.60,12654.60
2020-12-21,12742.52,12596.14,12751.27,12525.22
2020-12-22,12807.92,12785.22,12840.57,12695.31
2020-12-23,12771.11,12834.94,12841.92,12758.67
2020-12-24,12804.73,12791.54,12833.55,12767.64
2020-12-28,12899.42,12914.64,12930.89,12827.45
2020-12-29,12850.22,12965.39,12973.33,12821.96
2020-12-30,12870.00,12906.51,12924.93,12857.76
2020-12-31,12888.28,12877.09,12902.07,12821.23
2021-01-04,12698.45,12958.52,12958.72,12543.24
2021-01-05,12818.96,12665.65,12828.27,12665.65
2021-01-06,12740.79,12666.15,12909.63,12649.99
2021-01-07,13067.48,12867.34,13090.91,12867.34
2021-01-08,13201.98,13160.22,13208.09,13036.55
2021-01-11,13036.43,13048.78,13138.27,12999.51
2021-01-12,13072.43,13062.06,13105.04,12963.92
2021-01-13,13128.95,13088.01,13171.15,13051.06
2021-01-14,13112.64,13174.75,13220.16,13098.41
2021-01-15,12998.50,13099.90,13139.83,12949.76
2021-01-19,13197.18,13132.73,13206.86,13078.70
2021-01-20,13457.25,13342.55,13486.13,13329.77
2021-01-21,13530.91,13521.48,13560.35,13454.07
2021-01-22,13543.06,13474.81,13567.14,13463.66
2021-01-25,13635.99,13681.21,13728.98,13368.68
2021-01-26,13626.06,13681.72,13702.69,13603.19
2021-01-27,13270.60,13486.58,13538.42,13192.91
2021-01-28,13337.16,13323.29,13507.64,13316.52
2021-01-29,13070.69,13284.72,13322.00,12985.05
2021-02-01,13403.39,13226.18,13431.46,13132.47
2021-02-02,13612.78,13543.10,13652.69,13535.86
2021-02-03,13610.54,13718.31,13723.83,13585.34
2021-02-04,13777.74,13674.06,13778.42,13631.62
2021-02-05,13856.30,13824.88,13878.16,13761.66
2021-02-08,13987.64,13937.06,13987.74,13894.15
2021-02-09,14007.70,13966.81,14044.95,13966.55
2021-02-10,13972.53,14093.35,14109.12,13845.47
2021-02-11,14025.77,14045.21,14058.91,13916.85
2021-02-12,14095.47,13979.21,14102.04,13937.71
2021-02-16,14047.50,14152.21,14175.11,13995.45
2021-02-17,13965.49,13911.65,13976.43,13804.26
2021-02-18,13865.36,13814.67,13905.96,13714.35
2021-02-19,13874.46,13929.20,13985.58,13842.60
2021-02-22,13533.05,13714.20,13757.06,13530.96
2021-02-23,13465.20,13262.61,13526.09,13003.98
2021-02-24,13597.97,13400.25,13607.36,13286.59
2021-02-25,13119.43,13512.64,13602.86,13066.38
2021-02-26,13192.35,13192.35,13368.06,13024.53
2021-03-01,13588.83,13406.16,13596.59,13362.66
2021-03-02,13358.79,13599.45,13601.33,13352.00
2021-03-03,12997.75,13336.25,13372.52,12995.07
2021-03-04,12723.47,12953.99,13068.71,12553.96
2021-03-05,12920.15,12860.04,12941.21,12397.05
2021-03-08,12609.16,12904.26,13001.00,12599.23
2021-03-09,13073.82,12923.07,13151.54,12882.49
2021-03-10,13068.83,13234.73,13277.11,13035.44
2021-03-11,13398.67,13273.31,13433.62,13246.33
2021-03-12,13319.86,13222.81,13324.69,13158.72
2021-03-15,13459.71,13323.47,13460.35,13272.50
2021-03-16,13471.57,13523.17,13620.71,13397.08
2021-03-17,13525.20,13336.91,13595.00,13272.69
2021-03-18,13116.17,13349.20,13384.46,13101.92
2021-03-19,13215.24,13119.90,13252.37,13039.45
2021-03-22,13377.54,13278.78,13455.64,13278.78
2021-03-23,13227.70,13381.43,13405.14,13202.43
2021-03-24,12961.89,13289.24,13292.92,12961.35
2021-03-25,12977.68,12844.58,13021.86,12786.81
2021-03-26,13138.72,12996.03,13149.55,12878.72
2021-03-29,13059.65,13103.97,13143.41,12968.16
2021-03-30,13045.39,13008.80,13075.75,12922.57
2021-03-31,13246.87,13122.57,13325.54,13118.38
2021-04-01,13480.11,13414.32,13487.08,13404.18
2021-04-05,13705.59,13594.90,13720.58,13582.76
2021-04-06,13698.38,13681.67,13776.71,13674.28
2021-04-07,13688.84,13675.30,13733.03,13653.59
2021-04-08,13829.31,13796.89,13830.14,13758.71
2021-04-09,13900.19,13787.01,13905.41,13748.35
2021-04-12,13850.00,13854.44,13877.00,13783.95
2021-04-13,13996.10,13902.45,14011.51,13902.45
2021-04-14,13857.84,14005.27,14033.63,13839.04
2021-04-15,14038.76,13983.23,14049.13,13970.42
2021-04-16,14052.34,14059.11,14062.50,13977.05
2021-04-19,13914.77,13984.58,14041.79,13842.57
2021-04-20,13786.27,13894.46,13927.67,13698.67
2021-04-21,13950.22,13745.77,13951.35,13706.86
2021-04-22,13818.41,13952.57,14015.87,13771.04
2021-04-23,14016.81,13861.37,14062.74,13856.83
2021-04-26,14138.78,14052.38,14154.03,14019.50
2021-04-27,14090.22,14170.91,14171.24,14064.28
2021-04-28,14051.03,14082.78,14133.65,14034.70
2021-04-29,14082.55,14204.51,14211.57,13952.80
2021-04-30,13962.68,13970.73,14084.76,13941.63
2021-05-03,13895.12,14031.77,14042.12,13881.51
2021-05-04,13633.50,13774.51,13795.57,13485.59
2021-05-05,13582.42,13731.13,13753.05,13553.93
2021-05-06,13632.84,13557.83,13635.73,13439.39
2021-05-07,13752.24,13723.09,13828.62,13690.75
2021-05-10,13401.86,13687.59,13687.93,13401.74
2021-05-11,13389.43,13363.99,13423.31,13107.67
2021-05-12,13031.68,13215.49,13288.61,13002.54
2021-05-13,13124.99,13150.94,13247.87,13007.24
2021-05-14,13379.05,13255.65,13460.88,13242.97
2021-05-17,13379.05,13368.80,13399.17,13265.40
2021-05-18,13303.64,13416.90,13485.34,13299.93
2021-05-19,13299.74,13078.19,13304.61,13072.23
2021-05-20,13535.74,13356.63,13563.52,13355.71
2021-05-21,13470.99,13616.19,13616.58,13463.26
2021-05-24,13661.17,13661.17,13708.85,13551.01
2021-05-25,13657.17,13721.54,13751.14,13631.80
2021-05-26,13738.00,13693.94,13750.16,13679.59
2021-05-27,13736.28,13742.58,13776.52,13701.63
2021-05-28,13748.74,13792.05,13820.87,13747.61
2021-06-01,13736.48,13829.06,13836.17,13678.77
2021-06-02,13756.33,13743.24,13775.89,13689.74
2021-06-03,13614.51,13655.75,13684.13,13548.93
2021-06-04,13814.49,13697.25,13826.82,13692.01
2021-06-07,13881.72,13802.82,13889.11,13784.89
2021-06-08,13924.91,13946.32,13981.72,13831.98
2021-06-09,13911.75,13980.23,14003.50,13906.45
2021-06-10,14020.33,13933.88,14031.19,13904.40
2021-06-11,14069.42,14030.85,14069.42,14006.59
2021-06-14,14174.14,14083.47,14175.45,14056.67
2021-06-15,14072.86,14166.64,14171.02,14052.16
2021-06-16,14039.68,14085.55,14129.69,13903.73
2021-06-17,14161.35,13999.13,14196.21,13998.93
2021-06-18,14030.38,14096.93,14129.22,14009.04
2021-06-21,14141.48,14047.42,14150.78,13960.04
2021-06-22,14253.27,14138.29,14269.77,14121.00
2021-06-23,14271.73,14263.38,14317.66,14246.30
2021-06-24,14369.71,14357.27,14414.46,14333.70
2021-06-25,14360.39,14400.81,14409.08,14337.65
2021-06-28,14500.51,14417.81,14505.19,14417.20
2021-06-29,14528.33,14509.19,14535.97,14471.38
2021-06-30,14503.95,14509.85,14526.81,14478.06
2021-07-01,14522.38,14493.69,14533.55,14439.40
2021-07-02,14639.33,14582.98,14649.11,14555.34
2021-07-06,14663.64,14661.55,14687.00,14529.80
2021-07-07,14665.06,14753.41,14755.33,14580.79
2021-07-08,14559.78,14409.20,14610.06,14371.59
2021-07-09,14701.92,14661.42,14710.20,14552.26
2021-07-12,14733.24,14743.86,14761.08,14672.63
2021-07-13,14677.65,14715.13,14803.68,14660.19
2021-07-14,14644.95,14780.90,14790.55,14632.95
2021-07-15,14543.13,14635.78,14650.37,14451.80
2021-07-16,14427.24,14597.51,14623.02,14413.32
2021-07-19,14274.98,14235.98,14313.60,14178.66
2021-07-20,14498.88,14330.46,14555.75,14271.23
2021-07-21,14631.95,14508.75,14633.14,14498.65
2021-07-22,14684.60,14652.72,14694.19,14617.87
2021-07-23,14836.99,14753.06,14846.06,14698.77
2021-07-26,14840.71,14821.03,14863.65,14790.49
2021-07-27,14660.58,14807.95,14811.08,14503.76
2021-07-28,14762.58,14783.54,14798.88,14645.63
2021-07-29,14778.26,14771.17,14833.74,14761.38
2021-07-30,14672.68,14615.85,14728.78,14615.85
2021-08-02,14681.07,14672.68,14770.41,14665.67
2021-08-03,14761.29,14713.99,14762.60,14584.09
2021-08-04,14780.53,14747.21,14812.37,14734.12
2021-08-05,14895.12,14794.08,14896.47,14776.03
2021-08-06,14835.76,14864.22,14890.18,14788.59
2021-08-09,14860.18,14855.76,14883.81,14802.69
2021-08-10,14788.09,14887.74,14894.61,14754.48
2021-08-11,14765.14,14834.38,14842.50,14692.41
2021-08-12,14816.26,14751.36,14824.31,14698.94
2021-08-13,14822.90,14825.07,14850.61,14797.22
2021-08-16,14793.76,14771.53,14794.68,14610.02
2021-08-17,14656.18,14670.56,14716.95,14550.88
2021-08-18,14525.91,14636.24,14697.25,14516.30
2021-08-19,14541.79,14423.16,14610.76,14423.16
2021-08-20,14714.66,14571.53,14722.16,14571.53
2021-08-23,14942.65,14776.98,14963.47,14776.98
2021-08-24,15019.80,14978.14,15034.89,14965.54
2021-08-25,15041.86,15039.03,15059.43,15011.58
2021-08-26,14945.81,15025.17,15059.63,14939.56
2021-08-27,15129.50,14969.77,15144.48,14966.52
2021-08-30,15265.89,15165.94,15288.08,15165.12
2021-08-31,15259.24,15262.88,15278.96,15202.67
2021-09-01,15309.38,15308.98,15379.50,15302.11
2021-09-02,15331.18,15358.47,15380.07,15285.35
2021-09-03,15363.52,15313.41,15375.56,15283.67
2021-09-07,15374.33,15375.98,15403.44,15343.28
2021-09-08,15286.64,15360.35,15360.35,15206.61
2021-09-09,15248.25,15296.06,15352.38,15245.17
2021-09-10,15115.49,15332.92,15349.47,15111.31
2021-09-13,15105.58,15211.43,15215.44,15030.85
2021-09-14,15037.76,15168.45,15181.19,15008.30
2021-09-15,15161.53,15071.34,15174.38,14984.68
2021-09-16,15181.92,15120.09,15205.50,15047.14
2021-09-17,15043.97,15163.35,15166.56,14998.73
2021-09-20,14713.90,14758.14,14841.82,14530.07
2021-09-21,14746.40,14803.36,14847.03,14696.47
2021-09-22,14896.85,14800.59,14950.12,14767.01
2021-09-23,15052.24,14960.00,15085.44,14932.51
2021-09-24,15047.70,14961.61,15067.56,14946.57
2021-09-27,14969.97,14954.18,15003.16,14864.96
2021-09-28,14546.68,14787.21,14817.74,14539.88
2021-09-29,14512.44,14614.88,14676.62,14493.67
2021-09-30,14448.58,14582.60,14632.36,14444.30
2021-10-01,14566.70,14494.93,14606.82,14324.01
2021-10-04,14255.48,14493.12,14499.74,14181.69
2021-10-05,14433.83,14312.86,14508.65,14299.78
2021-10-06,14501.91,14289.45,14509.55,14259.07
2021-10-07,14654.02,14631.80,14755.72,14615.14
2021-10-08,14579.54,14694.72,14699.91,14569.68
2021-10-11,14486.20,14540.08,14665.99,14482.61
2021-10-12,14465.92,14539.09,14552.71,14441.60
2021-10-13,14571.64,14537.17,14589.28,14471.87
2021-10-14,14823.43,14717.50,14827.56,14699.52
2021-10-15,14897.34,14891.24,14904.98,14847.96
2021-10-18,15021.81,14839.74,15026.68,14833.28
2021-10-19,15129.09,15073.13,15137.85,15049.73
2021-10-20,15121.68,15160.00,15178.39,15071.15
2021-10-21,15215.70,15104.80,15222.25,15094.14
2021-10-22,15090.20,15158.06,15193.01,15021.02
2021-10-25,15226.71,15165.52,15259.63,15070.75
2021-10-26,15235.71,15317.50,15384.00,15198.23
2021-10-27,15235.84,15276.00,15364.54,15235.84
2021-10-28,15448.12,15304.74,15452.30,15290.31
2021-10-29,15498.39,15323.29,15504.12,15323.29
2021-11-01,15595.92,15541.26,15598.95,15470.82
2021-11-02,15649.60,15583.98,15656.60,15569.27
2021-11-03,15811.58,15658.52,15821.57,15616.44
2021-11-04,15940.31,15849.74,15966.09,15827.66
2021-11-05,15971.59,16003.56,16053.39,15900.78
2021-11-08,15982.36,15995.72,16038.23,15961.81
2021-11-09,15886.54,16024.13,16035.21,15836.68
2021-11-10,15622.71,15753.84,15867.24,15543.68
2021-11-11,15704.28,15752.08,15768.03,15695.77
2021-11-12,15860.96,15752.62,15874.57,15705.38
2021-11-15,15853.85,15894.82,15918.45,15778.31
2021-11-16,15973.86,15840.32,15989.61,15825.00
2021-11-17,15921.57,15973.62,15998.57,15909.39
2021-11-18,15993.71,15973.39,16010.88,15848.83
2021-11-19,16057.44,16042.16,16121.12,16017.23
2021-11-22,15854.76,16120.92,16212.23,15851.04
2021-11-23,15775.14,15809.50,15895.86,15601.46
2021-11-24,15845.23,15677.88,15848.56,15591.36
2021-11-26,15491.66,15664.38,15731.54,15456.09
2021-11-29,15782.83,15719.42,15833.11,15644.61
2021-11-30,15537.69,15716.50,15828.20,15451.39
2021-12-01,15254.05,15752.27,15816.82,15243.93
2021-12-02,15381.32,15181.82,15444.54,15150.12
2021-12-03,15085.47,15428.71,15470.36,14931.06
2021-12-06,15225.15,15117.63,15281.99,14931.61
2021-12-07,15686.92,15510.91,15720.09,15507.66
2021-12-08,15786.99,15690.65,15792.64,15618.88
2021-12-09,15517.37,15720.54,15796.05,15511.12
2021-12-10,15630.60,15629.59,15677.60,15477.85
2021-12-13,15413.28,15621.27,15637.06,15408.25
2021-12-14,15237.64,15215.96,15317.55,15097.35
2021-12-15,15565.58,15230.71,15575.76,15055.23
2021-12-16,15180.43,15629.08,15633.19,15119.49
2021-12-17,15169.68,15036.77,15288.78,14960.37
2021-12-20,14980.94,14933.00,15007.30,14860.04
2021-12-21,15341.09,15140.43,15349.06,15015.03
2021-12-22,15521.89,15319.16,15525.97,15303.06
2021-12-23,15653.37,15544.79,15697.98,15528.91
2021-12-27,15871.26,15696.83,15871.40,15696.83
2021-12-28,15781.72,15895.20,15901.47,15757.07
2021-12-29,15766.22,15794.92,15821.81,15679.85
2021-12-30,15741.56,15758.98,15868.09,15729.16
2021-12-31,15644.97,15722.91,15777.43,15643.93
2022-01-03,15832.80,15732.50,15832.80,15644.09
2022-01-04,15622.72,15852.14,15852.14,15512.41
2022-01-05,15100.17,15547.16,15586.30,15095.18
2022-01-06,15080.86,15024.15,15198.45,14914.87
2022-01-07,14935.90,15095.72,15171.02,14877.63
2022-01-10,14942.83,14751.78,14953.85,14530.23
2022-01-11,15153.45,14919.26,15158.71,14837.63
2022-01-12,15188.39,15263.10,15319.03,15117.29
2022-01-13,14806.81,15245.04,15259.71,14782.24
2022-01-14,14893.75,14708.02,14897.68,14689.43
2022-01-18,14506.90,14681.83,14740.54,14482.94
2022-01-19,14340.26,14582.22,14658.89,14331.65
2022-01-20,14154.02,14462.85,14642.03,14140.78
2022-01-21,13768.92,14046.22,14171.72,13764.24
2022-01-24,13855.13,13481.50,13876.61,13094.65
2022-01-25,13539.29,13610.87,13781.62,13414.14
2022-01-26,13542.12,13871.77,14002.65,13392.19
2022-01-27,13352.78,13710.99,13765.91,13322.66
2022-01-28,13770.57,13436.71,13771.91,13236.56
2022-01-31,14239.88,13812.19,14242.90,13767.71
2022-02-01,14346.00,14277.43,14358.69,14070.77
2022-02-02,14417.55,14494.47,14504.82,14264.65
2022-02-03,13878.82,14045.83,14207.88,13851.74
2022-02-04,14098.01,13958.48,14222.76,13850.39
2022-02-07,14015.67,14118.79,14236.31,13974.10
2022-02-08,14194.45,13984.43,14226.48,13934.78
2022-02-09,14490.37,14368.16,14490.72,14330.87
2022-02-10,14185.64,14228.68,14509.56,14118.20
2022-02-11,13791.15,14213.62,14246.70,13733.16
2022-02-14,13790.92,13768.97,13921.71,13664.76
2022-02-15,14139.76,13997.18,14142.49,13976.29
2022-02-16,14124.09,14038.92,14163.73,13931.99
2022-02-17,13716.72,14004.19,14020.82,13704.70
2022-02-18,13548.07,13735.40,13762.40,13465.56
2022-02-22,13381.52,13424.36,13618.72,13249.65
2022-02-23,13037.49,13511.75,13533.78,13032.17
2022-02-24,13473.58,12587.88,13486.11,12587.88
2022-02-25,13694.62,13485.26,13696.86,13358.29
2022-02-28,13751.40,13570.83,13810.64,13549.90
2022-03-01,13532.46,13716.70,13777.04,13441.32
2022-03-02,13752.02,13597.53,13796.55,13493.90
2022-03-03,13537.94,13837.59,13837.59,13472.64
2022-03-04,13313.44,13455.23,13486.71,13224.98
2022-03-07,12830.96,13328.36,13353.28,12828.02
2022-03-08,12795.55,12800.04,13159.44,12670.08
2022-03-09,13255.55,13113.70,13301.16,13039.79
2022-03-10,13129.96,13098.35,13163.50,12946.28
2022-03-11,12843.81,13229.77,13239.35,12830.37
2022-03-14,12581.22,12795.12,12918.01,12555.35
2022-03-15,12948.62,12685.23,12973.88,12616.59
2022-03-16,13436.55,13119.36,13440.12,12992.20
2022-03-17,13614.78,13360.72,13620.80,13317.14
2022-03-18,13893.84,13564.63,13899.28,13528.06
2022-03-21,13838.46,13860.39,13945.80,13682.55
2022-03-22,14108.82,13866.43,14141.07,13857.29
2022-03-23,13922.60,13990.35,14152.14,13921.65
2022-03-24,14191.84,14001.32,14193.55,13897.20
2022-03-25,14169.30,14194.72,14218.76,14010.79
2022-03-28,14354.90,14177.21,14356.00,14101.34
2022-03-29,14619.64,14500.39,14646.90,14419.40
2022-03-30,14442.27,14558.59,14609.25,14383.45
2022-03-31,14220.52,14444.78,14456.74,14217.72
2022-04-01,14261.50,14269.53,14306.94,14131.81
2022-04-04,14532.55,14304.35,14534.38,14286.45
2022-04-05,14204.17,14262.28,14500.29,14169.12
2022-04-06,13888.82,14002.58,14032.84,13788.90
2022-04-07,13897.30,13861.49,13978.25,13689.23
2022-04-08,13711.00,13830.47,13866.06,13693.69
2022-04-11,13411.96,13547.29,13585.08,13401.39
2022-04-12,13371.57,13584.69,13685.95,13317.74
2022-04-13,13643.59,13373.12,13679.43,13353.66
2022-04-14,13351.08,13647.43,13662.93,13345.22
2022-04-18,13332.36,13319.39,13414.27,13222.03
2022-04-19,13619.66,13312.44,13643.97,13281.22
2022-04-20,13453.07,13665.38,13678.55,13426.12
2022-04-21,13174.65,13623.70,13710.69,13140.83
2022-04-22,12839.29,13168.80,13212.60,12828.02
2022-04-25,13004.85,12749.17,13011.45,12722.59
2022-04-26,12490.74,12918.04,12918.04,12490.74
2022-04-27,12488.93,12500.88,12703.79,12430.90
2022-04-28,12871.53,12712.86,12948.52,12487.86
2022-04-29,12334.64,12710.42,12861.83,12315.74
2022-05-02,12536.02,12331.69,12542.54,12202.41
2022-05-03,12563.76,12511.46,12645.83,12460.99
2022-05-04,12964.86,12574.73,12985.01,12367.02
2022-05-05,12317.69,12787.52,12787.52,12183.56
2022-05-06,12144.66,12246.83,12358.42,11990.15
2022-05-09,11623.25,11923.03,11990.61,11574.94
2022-05-10,11737.67,11900.34,11944.94,11566.28
2022-05-11,11364.24,11645.57,11844.51,11339.18
2022-05-12,11370.96,11199.25,11547.33,11108.76
2022-05-13,11805.00,11555.97,11856.71,11510.26
2022-05-16,11662.79,11727.14,11804.59,11627.53
2022-05-17,11984.52,11887.98,11988.43,11754.28
2022-05-18,11418.15,11790.68,11826.22,11381.69
2022-05-19,11388.50,11364.40,11562.82,11313.31
2022-05-20,11354.62,11542.67,11552.21,11035.69
2022-05-23,11535.27,11395.47,11552.07,11304.56
2022-05-24,11264.45,11326.44,11351.61,11092.48
2022-05-25,11434.74,11225.03,11511.90,11211.85
2022-05-26,11740.65,11409.84,11796.97,11406.16
2022-05-27,12131.13,11869.69,12131.66,11856.82
2022-05-31,12081.39,12137.54,12190.08,11942.50
2022-06-01,11994.46,12176.89,12237.94,11901.43
2022-06-02,12316.90,11945.57,12320.12,11901.45
2022-06-03,12012.73,12097.12,12167.44,11966.62
2022-06-06,12061.37,12200.33,12245.40,12004.20
2022-06-07,12175.23,11925.81,12194.86,11888.61
2022-06-08,12086.27,12147.28,12235.78,12052.70
2022-06-09,11754.23,12016.47,12115.06,11751.98
2022-06-10,11340.02,11543.88,11569.15,11328.27
2022-06-13,10809.23,10986.85,11071.48,10775.14
2022-06-14,10828.35,10897.43,10926.81,10733.04
2022-06-15,11099.15,10968.40,11244.26,10866.39
2022-06-16,10646.10,10806.02,10831.07,10565.14
2022-06-17,10798.35,10697.55,10884.71,10638.72
2022-06-21,11069.30,10974.05,11164.99,10974.05
2022-06-22,11053.08,10941.95,11216.77,10938.06
2022-06-23,11232.19,11137.68,11260.27,11046.28
2022-06-24,11607.62,11351.31,11613.23,11337.78
2022-06-27,11524.55,11661.02,11677.49,11487.07
2022-06-28,11181.54,11542.24,11635.85,11177.68
2022-06-29,11177.89,11160.22,11226.33,11072.19
2022-06-30,11028.74,11048.25,11160.92,10850.01
2022-07-01,11127.85,11006.83,11132.55,10922.71
2022-07-05,11322.24,10964.18,11323.89,10911.45
2022-07-06,11361.85,11337.90,11443.15,11250.32
2022-07-07,11621.35,11422.60,11644.47,11412.88
2022-07-08,11635.31,11503.61,11689.70,11479.77
2022-07-11,11372.60,11524.49,11541.10,11348.06
2022-07-12,11264.73,11420.89,11483.17,11207.08
2022-07-13,11247.58,11056.55,11325.67,11031.27
2022-07-14,11251.19,11151.21,11279.97,11005.93
2022-07-15,11452.42,11379.36,11454.69,11295.33
2022-07-18,11360.05,11561.64,11629.03,11322.84
2022-07-19,11713.15,11515.00,11721.22,11448.97
2022-07-20,11897.65,11726.09,11939.96,11703.36
2022-07-21,12059.61,11914.15,12060.59,11812.72
2022-07-22,11834.11,12025.37,12093.02,11767.19
2022-07-25,11782.67,11837.96,11855.11,11707.53
2022-07-26,11562.57,11701.53,11711.31,11533.37
2022-07-27,12032.42,11756.19,12081.73,11718.38
2022-07-28,12162.59,12036.48,12179.09,11886.67
2022-07-29,12390.69,12239.69,12426.26,12181.13
2022-08-01,12368.98,12317.96,12499.72,12271.98
2022-08-02,12348.76,12479.78,12503.34,12260.48
2022-08-03,12668.16,12433.87,12699.64,12425.21
2022-08-04,12720.58,12675.04,12736.19,12600.78
2022-08-05,12657.55,12538.80,12720.44,12525.77
2022-08-08,12644.46,12703.72,12855.15,12597.75
2022-08-09,12493.93,12557.49,12582.91,12438.86
2022-08-10,12854.80,12793.44,12861.44,12698.61
2022-08-11,12779.91,12987.95,13026.24,12760.09
2022-08-12,13047.19,12866.31,13047.19,12821.22
2022-08-15,13128.05,12996.63,13146.06,12993.78
2022-08-16,13102.55,13082.64,13181.09,12979.24
2022-08-17,12938.12,12968.63,13053.51,12863.01
2022-08-18,12965.34,12937.79,13002.66,12873.49
2022-08-19,12705.22,12832.27,12859.01,12674.87
2022-08-22,12381.57,12523.16,12538.55,12353.73
2022-08-23,12381.30,12380.37,12490.85,12352.03
2022-08-24,12431.53,12375.15,12504.33,12350.16
2022-08-25,12639.27,12506.37,12641.26,12471.98
2022-08-26,12141.71,12630.58,12655.84,12141.52
2022-08-29,12017.67,12021.05,12124.87,11981.42
2022-08-30,11883.14,12093.06,12101.85,11790.02
2022-08-31,11816.20,11972.56,12027.43,11814.17
2022-09-01,11785.13,11707.44,11798.37,11546.52
2022-09-02,11630.86,11899.14,11945.91,11573.51
2022-09-06,11544.91,11643.03,11679.43,11471.50
2022-09-07,11791.90,11559.38,11819.07,11555.08
2022-09-08,11862.13,11679.86,11896.73,11660.53
2022-09-09,12112.31,11958.61,12132.67,11958.61
2022-09-12,12266.41,12174.94,12270.19,12169.28
2022-09-13,11633.57,11908.81,11957.97,11604.43
2022-09-14,11719.68,11680.41,11746.83,11602.76
2022-09-15,11552.36,11633.24,11760.73,11497.11
2022-09-16,11448.40,11401.21,11460.43,11316.92
2022-09-19,11535.02,11338.57,11538.13,11337.83
2022-09-20,11425.05,11440.14,11520.99,11343.72
2022-09-21,11220.19,11466.21,11613.57,11218.99
2022-09-22,11066.81,11167.38,11203.77,11024.64
2022-09-23,10867.93,10952.69,10958.29,10732.72
2022-09-26,10802.92,10833.38,11024.00,10789.05
2022-09-27,10829.50,10955.29,11040.98,10741.02
2022-09-28,11051.64,10817.52,11101.50,10776.34
2022-09-29,10737.51,10894.44,10899.47,10623.22
2022-09-30,10575.62,10697.71,10883.04,10572.33
2022-10-03,10815.43,10659.01,10875.46,10577.89
2022-10-04,11176.41,11054.72,11189.96,11044.04
2022-10-05,11148.64,11022.67,11210.32,10910.76
2022-10-06,11073.31,11129.04,11230.44,11051.27
2022-10-07,10652.40,10877.28,10891.93,10608.52
2022-10-10,10542.10,10659.95,10669.93,10449.04
2022-10-11,10426.19,10484.37,10608.84,10351.98
2022-10-12,10417.10,10437.00,10494.53,10372.21
2022-10-13,10649.15,10131.82,10697.71,10088.83
2022-10-14,10321.39,10742.81,10766.69,10308.81
2022-10-17,10675.80,10575.65,10696.59,10569.69
2022-10-18,10772.40,10963.99,10972.97,10670.12
2022-10-19,10680.51,10689.31,10808.04,10592.88
2022-10-20,10614.84,10657.41,10837.30,10574.55
2022-10-21,10859.72,10576.04,10875.72,10542.43
2022-10-24,10952.61,10867.07,10983.52,10713.33
2022-10-25,11199.12,10996.97,11210.38,10996.97
2022-10-26,10970.99,10969.02,11205.84,10948.38
2022-10-27,10792.67,10971.95,10998.73,10780.50
2022-10-28,11102.45,10766.20,11117.04,10766.20
2022-10-31,10988.15,11028.43,11047.94,10914.00
2022-11-01,10890.85,11154.74,11156.35,10881.19
2022-11-02,10524.80,10885.01,10993.24,10522.90
2022-11-03,10342.94,10399.45,10486.01,10319.54
2022-11-04,10475.25,10548.14,10553.63,10262.93
2022-11-07,10564.52,10516.94,10587.96,10428.91
2022-11-08,10616.20,10611.53,10745.64,10472.73
2022-11-09,10353.17,10531.64,10564.97,10344.01
2022-11-10,11114.15,10869.17,11119.11,10779.95
2022-11-11,11323.33,11124.75,11352.43,11069.83
2022-11-14,11196.22,11233.90,11350.12,11167.17
2022-11-15,11358.41,11474.82,11492.62,11241.15
2022-11-16,11183.66,11260.10,11286.10,11162.92
2022-11-17,11144.96,11008.67,11198.84,11006.21
2022-11-18,11146.06,11257.01,11259.44,11059.16
2022-11-21,11024.51,11091.01,11128.78,10999.75
2022-11-22,11174.41,11058.56,11179.87,10975.66
2022-11-23,11285.32,11174.61,11310.82,11174.61
2022-11-25,11226.36,11231.00,11261.57,11206.38
2022-11-28,11049.50,11147.57,11217.75,11020.69
2022-11-29,10983.78,11060.02,11086.02,10944.37
2022-11-30,11468.00,10995.20,11468.47,10966.53
2022-12-01,11482.45,11475.17,11546.77,11378.75
2022-12-02,11461.50,11308.38,11492.32,11296.72
2022-12-05,11239.94,11380.99,11425.51,11193.02
2022-12-06,11014.89,11228.42,11241.42,10956.20
2022-12-07,10958.55,10963.95,11039.81,10910.62
2022-12-08,11082.00,11011.33,11119.16,10939.47
2022-12-09,11004.62,11038.17,11138.70,10999.26
2022-12-12,11143.74,11015.48,11144.67,10984.82
2022-12-13,11256.81,11542.84,11571.64,11160.54
2022-12-14,11170.89,11248.09,11352.09,11065.24
2022-12-15,10810.53,11012.62,11029.57,10775.61
2022-12-16,10705.41,10767.63,10833.24,10642.10
2022-12-19,10546.03,10707.44,10713.97,10497.55
2022-12-20,10547.11,10490.89,10609.46,10446.82
2022-12-21,10709.37,10592.00,10753.57,10569.20
2022-12-22,10476.12,10586.46,10599.34,10313.32
2022-12-23,10497.86,10437.75,10514.76,10361.82
2022-12-27,10353.23,10462.19,10472.32,10340.73
2022-12-28,10213.29,10339.20,10414.82,10207.47
2022-12-29,10478.09,10321.46,10502.08,10301.06
2022-12-30,10466.48,10368.37,10468.31,10324.70
2023-01-03,10386.98,10562.06,10613.06,10309.16
2023-01-04,10458.76,10467.82,10515.22,10337.64
2023-01-05,10305.24,10390.31,10393.22,10295.25
2023-01-06,10569.29,10363.96,10604.14,10265.04
2023-01-09,10635.65,10662.10,10807.26,10619.12
2023-01-10,10742.63,10607.72,10743.67,10589.59
2023-01-11,10931.67,10794.99,10932.44,10762.73
2023-01-12,11001.10,10969.26,11027.75,10797.12
2023-01-13,11079.16,10906.37,11084.01,10900.16
2023-01-17,11095.11,11070.00,11145.44,11024.72
2023-01-18,10957.01,11170.95,11223.41,10952.05
2023-01-19,10852.27,10890.40,10932.52,10804.57
2023-01-20,11140.43,10924.66,11143.17,10885.65
2023-01-23,11364.41,11171.94,11405.50,11144.03
2023-01-24,11334.27,11302.93,11378.15,11282.65
2023-01-25,11313.36,11146.53,11334.22,11069.18
2023-01-26,11512.41,11458.40,11516.05,11341.19
2023-01-27,11621.71,11470.47,11691.89,11470.27
2023-01-30,11393.81,11512.34,11553.31,11388.54
2023-01-31,11584.55,11398.58,11586.01,11398.37
2023-02-01,11816.32,11573.14,11904.02,11500.33
2023-02-02,12200.82,12065.15,12269.55,12024.14
2023-02-03,12006.95,11946.86,12231.31,11946.86
2023-02-06,11887.45,11904.41,11973.41,11843.49
2023-02-07,12113.79,11891.25,12150.22,11836.78
2023-02-08,11910.52,12069.12,12096.39,11890.09
2023-02-09,11789.58,12069.10,12070.96,11745.11
2023-02-10,11718.12,11714.60,11775.80,11630.54
2023-02-13,11891.79,11759.09,11910.92,11719.73
2023-02-14,11960.15,11808.20,11999.85,11760.56
2023-02-15,12070.59,11905.12,12071.29,11876.82
2023-02-16,11855.83,11896.31,12040.34,11853.36
2023-02-17,11787.27,11777.50,11803.22,11673.21
2023-02-21,11492.30,11640.37,11684.14,11491.18
2023-02-22,11507.07,11517.20,11582.52,11445.17
2023-02-23,11590.40,11636.93,11638.98,11432.58
2023-02-24,11394.94,11404.18,11434.36,11334.47
2023-02-27,11466.98,11517.19,11565.23,11444.60
2023-02-28,11455.54,11451.05,11548.23,11435.39
2023-03-01,11379.48,11447.58,11479.00,11349.87
2023-03-02,11462.98,11273.77,11487.59,11273.61
2023-03-03,11689.01,11524.65,11699.63,11514.74
2023-03-06,11675.74,11736.87,11827.92,11667.48
2023-03-07,11530.33,11670.98,11705.96,11512.03
2023-03-08,11576.00,11553.09,11601.23,11487.75
2023-03-09,11338.35,11578.31,11667.12,11319.98
2023-03-10,11138.89,11325.36,11373.81,11093.86
2023-03-13,11188.84,11041.46,11326.73,10982.80
2023-03-14,11428.15,11357.73,11467.02,11284.93
2023-03-15,11434.05,11397.35,11447.90,11238.44
2023-03-16,11717.28,11384.87,11733.80,11365.49
2023-03-17,11630.51,11696.34,11773.11,11562.63
2023-03-20,11675.54,11614.39,11695.55,11550.69
2023-03-21,11860.11,11764.79,11879.16,11724.91
2023-03-22,11669.96,11857.50,12013.99,11666.85
2023-03-23,11787.40,11811.32,11962.69,11684.52
2023-03-24,11823.96,11747.62,11826.23,11670.67
2023-03-27,11768.84,11868.54,11903.21,11739.05
2023-03-28,11716.08,11752.76,11752.76,11635.03
2023-03-29,11926.24,11855.59,11941.60,11823.35
2023-03-30,12013.47,12010.45,12044.79,11953.37
2023-03-31,12221.91,12031.54,12227.93,12030.44
2023-04-03,12189.45,12146.09,12196.34,12086.52
2023-04-04,12126.33,12208.49,12224.68,12081.81
2023-04-05,11996.86,12081.76,12086.75,11931.85
2023-04-06,12087.96,11939.08,12098.50,11898.36
2023-04-10,12084.35,11975.13,12084.95,11924.20
2023-04-11,12031.88,12080.24,12091.27,12011.40
2023-04-12,11929.34,12110.87,12134.50,11916.54
2023-04-13,12166.27,11997.42,12178.80,11995.94
2023-04-14,12123.47,12117.91,12205.72,12026.55
2023-04-17,12157.72,12108.23,12159.02,12064.10
2023-04-18,12153.41,12234.56,12245.43,12110.23
2023-04-19,12157.23,12063.68,12191.10,12060.17
2023-04-20,12059.56,12039.08,12155.96,12011.95
2023-04-21,12072.46,12046.03,12097.15,11986.82
2023-04-24,12037.20,12053.47,12103.58,11960.30
2023-04-25,11799.16,11968.81,11990.46,11798.77
2023-04-26,11854.35,11913.23,11967.99,11833.07
2023-04-27,12142.24,11972.15,12154.01,11950.92
2023-04-28,12226.58,12117.54,12227.72,12082.57
2023-05-01,12212.60,12210.05,12261.32,12181.08
2023-05-02,12080.51,12198.02,12206.58,12015.23
2023-05-03,12025.33,12097.04,12212.55,12022.46
2023-05-04,11966.40,11997.34,12033.15,11925.37
2023-05-05,12235.41,12073.03,12264.83,12065.72
2023-05-08,12256.92,12231.68,12264.99,12178.26
2023-05-09,12179.55,12195.78,12216.13,12174.06
2023-05-10,12306.44,12286.66,12337.69,12180.86
2023-05-11,12328.51,12321.26,12347.38,12255.44
2023-05-12,12284.74,12350.52,12364.65,12209.58
2023-05-15,12365.21,12367.69,12376.40,12263.35
2023-05-16,12343.05,12327.05,12403.81,12324.52
2023-05-17,12500.57,12388.58,12514.07,12335.02
2023-05-18,12688.84,12513.87,12698.50,12512.26
2023-05-19,12657.90,12709.46,12731.73,12624.06
2023-05-22,12720.78,12664.44,12756.22,12655.26
2023-05-23,12560.25,12652.88,12709.74,12554.43
2023-05-24,12484.16,12481.89,12529.63,12415.85
2023-05-25,12698.09,12706.44,12736.92,12604.89
2023-05-26,12975.69,12736.42,13001.91,12729.74
2023-05-30,13017.43,13109.10,13154.29,12968.12
2023-05-31,12935.29,12968.38,13029.08,12889.37
2023-06-01,13100.98,12944.46,13141.83,12903.63
2023-06-02,13240.77,13190.48,13256.21,13125.86
2023-06-05,13229.43,13238.48,13330.65,13194.95
2023-06-06,13276.42,13199.59,13306.21,13165.65
2023-06-07,13104.89,13295.26,13361.90,13089.48
2023-06-08,13238.52,13113.27,13248.60,13101.18
2023-06-09,13259.14,13312.39,13385.95,13229.33
2023-06-12,13461.92,13326.37,13465.91,13302.58
2023-06-13,13573.32,13566.52,13594.40,13473.19
2023-06-14,13626.48,13570.56,13661.74,13455.99
2023-06-15,13782.82,13572.88,13828.17,13561.37
2023-06-16,13689.57,13859.07,13864.06,13680.95
2023-06-20,13667.29,13642.29,13711.18,13561.84
2023-06-21,13502.20,13620.87,13638.57,13460.94
2023-06-22,13630.61,13443.41,13631.85,13441.56
2023-06-23,13492.52,13484.10,13572.19,13442.65
2023-06-26,13335.78,13468.74,13573.57,13334.42
2023-06-27,13555.67,13389.25,13578.80,13366.97
2023-06-28,13591.75,13506.02,13654.14,13495.73
2023-06-29,13591.33,13592.36,13618.53,13540.26
2023-06-30,13787.92,13719.98,13816.68,13716.16
2023-07-03,13816.77,13798.70,13839.09,13773.41
2023-07-05,13791.65,13772.10,13844.50,13764.25
2023-07-06,13679.04,13653.17,13689.52,13567.25
2023-07-07,13660.72,13668.07,13804.51,13656.73
2023-07-10,13685.48,13645.37,13692.41,13584.87
2023-07-11,13760.70,13709.81,13774.83,13643.32
2023-07-12,13918.96,13915.64,13963.45,13842.13
2023-07-13,14138.57,14021.15,14163.80,14012.24
2023-07-14,14113.70,14166.66,14232.11,14081.96
2023-07-17,14244.95,14149.92,14274.41,14138.01
2023-07-18,14353.64,14212.25,14396.69,14176.11
2023-07-19,14358.02,14398.53,14446.55,14317.09
2023-07-20,14063.31,14273.29,14309.92,14030.62
2023-07-21,14032.81,14148.18,14179.01,14020.45
2023-07-24,14058.87,14081.63,14110.15,13997.13
2023-07-25,14144.56,14093.24,14201.91,14092.52
2023-07-26,14127.28,14123.52,14187.35,14041.95
2023-07-27,14050.11,14319.16,14360.20,14006.92
2023-07-28,14316.66,14199.83,14344.35,14188.10
2023-07-31,14346.02,14337.90,14370.91,14292.75
2023-08-01,14283.91,14274.93,14309.21,14215.64
2023-08-02,13973.45,14132.73,14133.85,13914.81
2023-08-03,13959.72,13899.76,14032.28,13881.35
2023-08-04,13909.24,14105.16,14119.22,13897.93
2023-08-07,13994.40,13972.45,13997.15,13864.92
2023-08-08,13884.32,13875.45,13899.74,13769.34
2023-08-09,13722.02,13897.61,13898.54,13698.39
2023-08-10,13737.99,13818.25,13947.16,13686.51
2023-08-11,13644.85,13653.46,13720.33,13609.98
2023-08-14,13788.33,13599.00,13789.16,13582.49
2023-08-15,13631.05,13760.48,13774.98,13611.93
2023-08-16,13474.63,13593.17,13644.32,13473.03
2023-08-17,13316.93,13527.30,13535.09,13303.45
2023-08-18,13290.78,13190.02,13335.87,13161.76
2023-08-21,13497.59,13347.26,13516.86,13325.59
2023-08-22,13505.87,13593.95,13598.77,13484.38
2023-08-23,13721.03,13532.43,13757.00,13532.43
2023-08-24,13463.97,13834.31,13834.69,13462.84
2023-08-25,13590.65,13514.37,13633.42,13376.35
2023-08-28,13705.13,13695.36,13735.98,13626.64
2023-08-29,13943.76,13687.23,13959.81,13677.06
2023-08-30,14019.31,13961.77,14050.82,13924.20
2023-08-31,14034.97,14041.54,14114.67,14010.48
2023-09-01,14031.81,14129.96,14149.62,13982.42
2023-09-05,14020.95,13994.54,14060.85,13945.65
2023-09-06,13872.47,13988.81,14001.95,13802.42
2023-09-07,13748.83,13675.11,13774.63,13642.47
2023-09-08,13761.53,13754.71,13843.37,13733.18
2023-09-11,13917.89,13884.03,13937.47,13805.13
2023-09-12,13773.61,13858.94,13913.60,13763.69
2023-09-13,13813.59,13822.32,13868.57,13733.82
2023-09-14,13926.05,13889.76,13957.57,13810.66
2023-09-15,13708.33,13889.20,13895.75,13684.24
2023-09-18,13710.24,13669.96,13751.28,13663.46
2023-09-19,13678.19,13649.44,13705.15,13578.87
2023-09-20,13469.13,13710.26,13727.81,13467.28
2023-09-21,13223.98,13328.06,13362.23,13222.56
2023-09-22,13211.81,13287.17,13353.22,13200.64
2023-09-25,13271.32,13172.54,13277.83,13132.00
2023-09-26,13063.61,13180.96,13199.13,13033.40
2023-09-27,13092.85,13115.36,13156.37,12963.16
2023-09-28,13201.28,13043.37,13270.97,13025.11
2023-09-29,13219.32,13337.71,13382.98,13177.09
2023-10-02,13307.77,13217.98,13364.03,13204.08
2023-10-03,13059.47,13229.68,13280.04,13008.60
2023-10-04,13236.01,13092.92,13258.76,13072.51
2023-10-05,13219.83,13228.12,13251.18,13087.57
2023-10-06,13431.34,13127.68,13472.27,13099.03
2023-10-09,13484.24,13326.22,13509.30,13277.48
2023-10-10,13562.84,13505.81,13659.63,13491.81
2023-10-11,13659.68,13619.21,13671.11,13549.29
2023-10-12,13574.22,13672.47,13714.14,13491.56
2023-10-13,13407.23,13613.59,13619.54,13361.85
2023-10-16,13567.98,13453.81,13598.05,13447.17
2023-10-17,13533.75,13419.87,13602.25,13364.74
2023-10-18,13314.30,13439.68,13499.74,13275.30
2023-10-19,13186.18,13354.80,13404.73,13157.33
2023-10-20,12983.81,13157.77,13177.35,12977.43
2023-10-23,13018.33,12930.85,13143.22,12848.83
2023-10-24,13139.87,13084.99,13170.39,13022.85
2023-10-25,12821.22,13039.86,13042.52,12804.30
2023-10-26,12595.61,12768.97,12818.14,12543.86
2023-10-27,12643.01,12718.69,12772.43,12600.57
2023-10-30,12789.48,12750.47,12842.96,12691.56
2023-10-31,12851.24,12786.62,12859.40,12697.04
2023-11-01,13061.47,12887.06,13072.42,12875.20
2023-11-02,13294.19,13230.49,13302.18,13177.64
2023-11-03,13478.28,13362.85,13520.28,13344.73
2023-11-06,13518.78,13514.08,13551.62,13435.99
2023-11-07,13639.86,13555.79,13675.46,13516.56
2023-11-08,13650.41,13660.22,13684.87,13573.58
2023-11-09,13521.45,13693.70,13697.82,13506.02
2023-11-10,13798.11,13571.19,13802.53,13556.35
2023-11-13,13767.74,13745.96,13805.11,13687.78
2023-11-14,14094.38,14015.37,14124.06,14003.14
2023-11-15,14103.84,14147.27,14194.36,14060.70
2023-11-16,14113.67,14066.88,14130.45,14033.79
2023-11-17,14125.48,14101.44,14154.32,14063.93
2023-11-20,14284.53,14134.75,14309.80,14134.20
2023-11-21,14199.98,14217.23,14237.50,14146.31
2023-11-22,14265.86,14283.82,14359.61,14226.63
2023-11-24,14250.85,14238.03,14270.28,14214.13
2023-11-27,14241.02,14239.31,14305.71,14205.24
2023-11-28,14281.76,14224.63,14303.65,14195.72
2023-11-29,14258.49,14367.11,14423.22,14247.89
2023-11-30,14226.22,14265.05,14289.20,14127.05
2023-12-01,14305.03,14181.35,14311.95,14135.00
2023-12-04,14185.49,14168.66,14197.52,14058.52
2023-12-05,14229.91,14126.40,14285.66,14121.76
2023-12-06,14146.71,14325.62,14327.63,14138.51
2023-12-07,14339.99,14230.43,14353.11,14220.87
2023-12-08,14403.97,14279.46,14416.92,14264.96
2023-12-11,14432.49,14340.13,14436.08,14324.57
2023-12-12,14533.40,14423.01,14533.40,14385.39
2023-12-13,14733.96,14555.68,14743.55,14517.52
2023-12-14,14761.56,14798.72,14855.62,14642.23
2023-12-15,14813.92,14797.46,14848.40,14753.15
2023-12-18,14905.19,14814.02,14938.04,14811.82
2023-12-19,15003.22,14923.02,15003.80,14921.60
2023-12-20,14777.94,14973.36,15069.29,14776.29
2023-12-21,14963.87,14923.14,14970.81,14837.47
2023-12-22,14992.97,15006.18,15047.19,14927.12
2023-12-26,15074.57,15028.69,15101.18,15024.06
2023-12-27,15099.18,15089.66,15114.08,15051.67
2023-12-28,15095.14,15142.09,15150.07,15087.22
2023-12-29,15011.35,15099.20,15111.41,14955.37
2024-01-02,14765.94,14873.70,14887.80,14682.38
2024-01-03,14592.21,14641.47,14694.58,14577.44
2024-01-04,14510.30,14532.23,14632.77,14504.78
2024-01-05,14524.07,14500.11,14625.19,14477.57
2024-01-08,14843.77,14564.47,14846.90,14560.20
2024-01-09,14857.71,14744.13,14894.32,14716.71
2024-01-10,14969.65,14877.70,14998.20,14842.70
2024-01-11,14970.18,15020.95,15063.61,14800.38
2024-01-12,14972.76,15001.01,15047.25,14931.88
2024-01-16,14944.35,14908.26,15004.35,14863.81
2024-01-17,14855.62,14814.77,14865.76,14706.23
2024-01-18,15055.65,14994.52,15066.81,14911.11
2024-01-19,15310.97,15122.38,15310.97,15087.20
2024-01-22,15360.29,15393.05,15438.85,15333.63
2024-01-23,15425.94,15391.41,15432.35,15337.23
2024-01-24,15481.92,15560.61,15629.07,15468.91
2024-01-25,15510.50,15555.62,15597.25,15430.68
2024-01-26,15455.36,15474.85,15538.84,15433.04
2024-01-29,15628.04,15470.66,15630.58,15449.87
2024-01-30,15509.90,15628.04,15619.23,15484.67
2024-01-31,15164.01,15324.19,15405.55,15158.49
2024-02-01,15361.64,15254.02,15372.13,15208.88
2024-02-02,15628.95,15403.16,15664.21,15366.78
2024-02-05,15597.68,15613.99,15637.88,15471.68
2024-02-06,15609.00,15638.19,15652.75,15515.25
2024-02-07,15756.64,15690.35,15770.68,15645.81
2024-02-08,15793.71,15762.23,15813.27,15739.18
2024-02-09,15990.66,15842.38,16007.29,15831.76
2024-02-12,15942.55,15980.62,16080.07,15917.87
2024-02-13,15655.60,15598.88,15770.42,15551.44
2024-02-14,15859.15,15781.71,15865.51,15683.94
2024-02-15,15906.17,15865.30,15911.22,15779.72
2024-02-16,15775.65,15910.43,15917.41,15752.02
2024-02-20,15630.78,15679.84,15730.47,15508.50
2024-02-21,15580.87,15532.12,15583.68,15451.65
2024-02-22,16041.62,15904.48,16061.82,15869.24
2024-02-23,15996.82,16094.80,16134.22,15954.50
2024-02-26,15976.25,16014.45,16054.90,15973.90
2024-02-27,16035.30,16013.98,16046.10,15940.51
2024-02-28,15947.74,15969.14,16003.56,15924.72
2024-02-29,16091.92,16059.34,16115.96,15931.70
2024-03-01,16274.94,16109.83,16302.24,16096.60
2024-03-04,16207.51,16264.21,16289.06,16199.06
2024-03-05,15939.59,16077.74,16087.56,15862.63
2024-03-06,16031.54,16092.00,16128.56,15956.66
2024-03-07,16273.38,16147.32,16309.02,16096.01
2024-03-08,16085.11,16322.10,16449.70,16059.50
2024-03-11,16019.27,16052.63,16085.95,15978.04
2024-03-12,16265.64,16116.98,16275.45,15992.98
2024-03-13,16177.77,16220.11,16233.30,16143.34
2024-03-14,16128.53,16209.19,16245.32,16039.68
2024-03-15,15973.17,16043.58,16055.33,15925.91
2024-03-18,16103.45,16154.92,16247.59,16094.17
2024-03-19,16166.79,16031.93,16175.59,15951.86
2024-03-20,16369.41,16185.76,16377.44,16127.48
2024-03-21,16401.84,16517.24,16538.86,16393.90
2024-03-22,16428.82,16387.83,16467.62,16361.00
2024-03-25,16384.47,16335.30,16441.17,16315.72
2024-03-26,16315.70,16446.85,16476.38,16312.95
2024-03-27,16399.52,16424.76,16431.82,16279.17
2024-03-28,16379.46,16377.23,16420.92,16347.38
2024-04-01,16396.83,16397.05,16490.65,16327.89
2024-04-02,16240.45,16199.24,16251.41,16137.24
2024-04-03,16277.46,16178.80,16340.74,16169.31
2024-04-04,16049.08,16418.57,16468.04,16046.56
2024-04-05,16248.52,16095.40,16326.50,16080.48
2024-04-08,16253.96,16285.18,16323.60,16220.72
2024-04-09,16306.64,16328.76,16348.18,16141.15
2024-04-10,16170.36,16104.01,16200.10,16092.02
2024-04-11,16442.20,16236.20,16464.60,16154.65
2024-04-12,16175.09,16293.03,16341.45,16125.33
2024-04-15,15885.02,16276.47,16295.27,15863.88
2024-04-16,15865.25,15856.38,15965.79,15822.02
2024-04-17,15683.37,15942.29,15957.03,15654.51
2024-04-18,15601.50,15705.69,15786.12,15587.50
2024-04-19,15282.01,15547.10,15576.70,15222.78
2024-04-22,15451.31,15396.13,15539.00,15265.66
2024-04-23,15696.64,15525.55,15730.35,15510.58
2024-04-24,15712.75,15805.60,15839.00,15634.44
2024-04-25,15611.76,15375.26,15644.51,15343.91
2024-04-26,15927.90,15821.34,15981.00,15770.72
2024-04-29,15983.08,16007.00,16021.49,15885.89
2024-04-30,15657.82,15920.89,15979.36,15655.67
2024-05-01,15605.48,15646.09,15926.22,15557.64
2024-05-02,15840.96,15758.11,15862.79,15604.73
2024-05-03,16156.33,16147.48,16204.71,16068.34
2024-05-06,16349.25,16208.54,16350.08,16197.86
2024-05-07,16332.56,16358.34,16397.39,16303.84
2024-05-08,16302.76,16226.07,16341.65,16226.07
2024-05-09,16346.26,16323.74,16362.79,16241.98
2024-05-10,16340.87,16389.02,16437.39,16293.52
2024-05-13,16388.24,16400.31,16407.05,16334.86
2024-05-14,16511.18,16391.16,16526.27,16386.43
2024-05-15,16742.39,16601.14,16749.74,16544.09
2024-05-16,16698.32,16738.11,16797.83,16693.45
2024-05-17,16685.97,16708.49,16726.41,16613.84
2024-05-20,16794.87,16702.02,16823.83,16695.69
2024-05-21,16832.62,16736.10,16839.02,16719.97
2024-05-22,16801.54,16839.02,16855.27,16712.09
2024-05-23,16736.03,16996.39,16996.39,16678.37
2024-05-24,16920.79,16786.79,16947.80,16771.58
2024-05-28,17019.88,16988.31,17032.66,16917.51
2024-05-29,16920.58,16879.35,16989.60,16873.97
2024-05-30,16737.08,16878.63,16900.46,16690.36
2024-05-31,16735.02,16771.90,16789.27,16445.54
2024-06-03,16828.67,16865.70,16909.89,16646.43
2024-06-04,16857.05,16823.88,16891.87,16750.39
2024-06-05,17187.90,16974.48,17187.92,16955.56
2024-06-06,17173.12,17204.87,17235.73,17123.59
2024-06-07,17133.13,17124.14,17229.31,17090.04
2024-06-10,17192.53,17083.45,17213.45,17057.34
2024-06-11,17343.55,17160.42,17345.05,17107.99
2024-06-12,17608.44,17502.15,17725.39,17490.64
2024-06-13,17667.56,17715.26,17741.80,17566.32
2024-06-14,17688.88,17621.18,17693.43,17590.80
2024-06-17,17857.02,17697.30,17935.99,17636.36
2024-06-18,17862.23,17856.76,17890.52,17796.88
2024-06-20,17721.59,17913.94,17936.79,17650.69
2024-06-21,17689.36,17681.01,17787.34,17620.57
2024-06-24,17496.82,17640.26,17730.12,17494.02
2024-06-25,17717.65,17572.16,17734.34,17546.63
2024-06-26,17805.16,17697.26,17813.55,17687.07
2024-06-27,17858.68,17793.95,17892.78,17765.42
2024-06-28,17732.60,17891.10,18035.00,17723.83
2024-07-01,17879.30,17773.90,17894.28,17657.64
2024-07-02,18028.76,17808.04,18031.29,17802.24
2024-07-03,18188.30,18016.12,18188.30,18016.12
2024-07-05,18352.76,18200.60,18366.31,18197.14
2024-07-08,18403.74,18371.86,18416.94,18342.60
2024-07-09,18429.29,18465.02,18511.89,18381.60
2024-07-10,18647.45,18512.09,18655.19,18467.58
2024-07-11,18283.41,18659.25,18671.07,18238.78
2024-07-12,18398.45,18303.64,18556.73,18293.60
2024-07-15,18472.57,18485.91,18641.53,18397.83
2024-07-16,18509.34,18534.27,18576.83,18386.07
2024-07-17,17996.92,18188.19,18223.24,17972.87
2024-07-18,17871.22,18119.15,18130.87,17759.54
2024-07-19,17726.94,17835.59,17935.14,17691.43
2024-07-22,18007.57,17923.65,18040.99,17839.76
2024-07-23,17997.35,17982.74,18128.38,17968.10
2024-07-24,17342.41,17733.91,17747.06,17313.52
2024-07-25,17181.72,17352.64,17544.46,17033.96
2024-07-26,17357.88,17331.95,17454.57,17239.99
2024-07-29,17370.20,17444.39,17535.32,17299.83
2024-07-30,17147.42,17424.10,17468.56,17015.38
2024-07-31,17599.40,17499.23,17693.98,17438.60
2024-08-01,17194.15,17647.03,17791.58,17051.42
2024-08-02,16776.16,16780.45,16920.63,16582.79
2024-08-05,16200.08,15712.53,16453.46,15708.54
2024-08-06,16366.85,16261.36,16620.31,16137.65
2024-08-07,16195.81,16622.31,16709.81,16179.53
2024-08-08,16660.02,16408.27,16694.25,16262.93
2024-08-09,16745.30,16636.52,16789.22,16574.57
2024-08-12,16780.61,16793.64,16895.79,16699.39
2024-08-13,17187.61,16944.74,17192.79,16943.95
2024-08-14,17192.60,17227.64,17260.73,17032.17
2024-08-15,17594.50,17394.55,17602.72,17375.41
2024-08-16,17631.72,17516.40,17674.65,17502.82
2024-08-19,17876.77,17649.74,17877.44,17585.58
2024-08-20,17816.94,17849.09,17932.53,17758.20
2024-08-21,17918.99,17840.51,17963.07,17790.98
2024-08-22,17619.35,17993.72,18017.69,17589.15
2024-08-23,17877.79,17772.73,17941.27,17700.27
2024-08-26,17725.76,17867.85,17909.09,17645.69
2024-08-27,17754.82,17655.52,17789.72,17573.37
2024-08-28,17556.03,17738.80,17759.94,17439.40
2024-08-29,17516.43,17610.57,17789.21,17482.60
2024-08-30,17713.62,17650.49,17720.37,17498.79
2024-09-03,17136.30,17585.45,17585.45,17057.79
2024-09-04,17084.30,17015.71,17232.65,16984.67
2024-09-05,17127.66,17063.24,17295.58,17035.07
2024-09-06,16690.83,17137.62,17166.54,16668.57
2024-09-09,16884.60,16835.67,16923.28,16732.83
2024-09-10,17025.88,17025.49,17036.07,16801.13
2024-09-11,17395.53,17061.41,17420.23,16787.84
2024-09-12,17569.68,17413.89,17605.72,17338.32
2024-09-13,17683.98,17575.26,17719.14,17564.61
2024-09-16,17592.13,17573.70,17618.40,17480.66
2024-09-17,17628.06,17707.02,17781.74,17544.64
2024-09-18,17573.30,17663.38,17832.70,17556.42
2024-09-19,18013.98,17980.89,18099.93,17909.75
2024-09-20,17948.32,17999.35,18024.34,17835.64
2024-09-23,17974.27,17994.91,18021.58,17936.37
2024-09-24,18074.52,18046.44,18091.96,17863.38
2024-09-25,18082.21,18050.36,18155.03,18040.62
2024-09-26,18190.29,18327.34,18327.34,18071.74
2024-09-27,18119.59,18228.78,18238.28,18069.18
2024-09-30,18189.17,18069.83,18198.16,17997.56
2024-10-01,17910.36,18154.94,18162.72,17779.77
2024-10-02,17925.12,17867.12,17978.57,17767.79
2024-10-03,17918.48,17859.49,18011.25,17826.42
2024-10-04,18137.85,18130.42,18145.28,17952.30
2024-10-07,17923.90,18080.11,18096.33,17900.04
2024-10-08,18182.92,18017.93,18203.04,17989.70
2024-10-09,18291.62,18179.22,18302.05,18133.02
2024-10-10,18282.05,18200.62,18333.39,18154.18
2024-10-11,18342.94,18217.73,18375.53,18208.44
2024-10-14,18502.69,18426.66,18547.92,18423.60
2024-10-15,18315.59,18515.97,18564.25,18252.52
2024-10-16,18367.08,18333.29,18383.11,18214.96
2024-10-17,18373.61,18537.21,18541.46,18368.79
2024-10-18,18489.55,18466.00,18524.33,18452.58
2024-10-21,18540.00,18456.48,18543.58,18377.62
2024-10-22,18573.13,18451.86,18620.71,18413.47
2024-10-23,18276.65,18502.06,18509.19,18146.61
2024-10-24,18415.49,18384.15,18435.37,18305.42
2024-10-25,18518.61,18512.58,18690.01,18487.06
2024-10-28,18567.19,18648.25,18671.01,18563.02
2024-10-29,18712.75,18576.09,18753.19,18509.59
2024-10-30,18607.93,18731.69,18785.49,18598.24
2024-10-31,18095.15,18427.31,18427.31,18083.95
2024-11-01,18239.92,18189.67,18363.94,18181.53
2024-11-04,18179.98,18220.43,18308.30,18112.83
2024-11-05,18439.17,18250.71,18449.67,18250.71
2024-11-06,18983.47,18772.76,19000.50,18730.21
2024-11-07,19269.46,19084.43,19301.70,19084.43
2024-11-08,19286.78,19255.14,19318.56,19224.43
2024-11-11,19298.76,19355.34,19366.07,19193.29
2024-11-12,19281.40,19289.81,19343.05,19168.52
2024-11-13,19230.73,19286.46,19358.48,19191.13
2024-11-14,19107.65,19256.09,19275.80,19073.39
2024-11-15,18680.12,18929.92,18936.75,18598.87
2024-11-18,18791.81,18717.93,18865.28,18672.30
2024-11-19,18987.47,18699.70,18992.08,18689.83
2024-11-20,18966.14,18971.31,18974.91,18724.39
2024-11-21,18972.42,19072.78,19110.89,18714.06
2024-11-22,19003.65,18966.32,19025.77,18899.48
2024-11-25,19054.83,19140.59,19208.68,18969.35
2024-11-26,19175.58,19109.08,19184.40,19100.73
2024-11-27,19060.48,19132.99,19133.11,18937.20
2024-11-29,19218.17,19087.47,19245.49,19066.52
2024-12-02,19403.95,19255.42,19436.92,19255.42
2024-12-03,19480.91,19364.34,19486.15,19340.41
2024-12-04,19735.12,19587.48,19741.76,19575.40
2024-12-05,19700.72,19756.40,19790.03,19688.59
2024-12-06,19859.77,19743.96,19863.14,19734.42
2024-12-09,19736.69,19824.09,19872.79,19698.05
2024-12-10,19687.24,19796.39,19887.08,19641.34
2024-12-11,20034.89,19832.96,20055.93,19830.64
2024-12-12,19902.84,19947.34,20018.24,19897.38
2024-12-13,19926.72,19995.18,20061.65,19817.47
2024-12-16,20173.89,20016.12,20204.58,19988.12
2024-12-17,20109.06,20095.62,20148.83,20004.73
2024-12-18,19392.69,20114.98,20179.77,19336.59
2024-12-19,19372.77,19565.66,19623.02,19357.76
2024-12-20,19572.60,19190.04,19758.61,19168.38
2024-12-23,19764.89,19641.05,19772.09,19504.68
2024-12-24,20031.13,19818.48,20031.13,19813.76
2024-12-26,20020.36,19979.25,20070.08,19888.11
2024-12-27,19722.03,19896.77,19904.77,19553.40
2024-12-30,19486.78,19460.41,19622.93,19342.51
2024-12-31,19310.79,19551.36,19563.72,19283.41
2025-01-02,19280.79,19403.90,19517.87,19117.59
2025-01-03,19621.68,19395.51,19638.66,19379.57
2025-01-06,19864.98,19851.99,20007.95,19784.99
2025-01-07,19489.68,19938.08,19940.21,19421.02
2025-01-08,19478.88,19469.36,19544.50,19308.54
2025-01-10,19161.63,19312.26,19315.11,19018.75
2025-01-13,19088.10,18903.66,19099.97,18831.91
2025-01-14,19044.39,19207.75,19273.14,18926.60
2025-01-15,19511.23,19350.31,19548.90,19299.32
2025-01-16,19338.29,19573.87,19579.85,19335.68
2025-01-17,19630.20,19655.55,19709.64,19543.32
2025-01-21,19756.78,19734.39,19789.62,19551.17
2025-01-22,20009.34,19903.05,20068.52,19903.05
2025-01-23,20053.68,19906.99,20053.68,19892.55
2025-01-24,19954.30,20087.10,20118.61,19897.13
2025-01-27,19341.83,19234.04,19514.35,19204.95
2025-01-28,19733.59,19418.22,19759.43,19294.62
2025-01-29,19632.32,19695.68,19699.82,19479.51
2025-01-30,19681.75,19697.52,19785.79,19483.83
2025-01-31,19627.44,19832.33,19969.17,19575.21
2025-02-03,19391.96,19215.37,19502.13,19141.15
2025-02-04,19654.01,19422.17,19666.44,19408.18
2025-02-05,19692.33,19533.05,19696.94,19498.90
2025-02-06,19791.99,19725.83,19793.36,19654.11
2025-02-07,19523.40,19774.87,19862.55,19489.36
2025-02-10,19714.27,19668.18,19772.04,19650.79
2025-02-11,19643.86,19602.11,19731.93,19579.77
2025-02-12,19649.95,19436.51,19682.51,19415.48
2025-02-13,19945.64,19696.92,19952.17,19675.87
2025-02-14,20026.77,19956.82,20045.76,19932.15
2025-02-18,20041.26,20090.55,20110.11,19909.74
2025-02-19,20056.25,19994.50,20099.39,19928.89
2025-02-20,19962.36,20029.19,20041.15,19795.02
2025-02-21,19524.01,20006.69,20016.66,19510.91
2025-02-24,19286.92,19590.85,19644.23,19275.46
2025-02-25,19026.39,19242.61,19256.35,18871.52
2025-02-26,19075.26,19109.32,19286.02,18966.45
2025-02-27,18544.42,19212.36,19242.69,18535.22
2025-02-28,18847.28,18477.17,18861.33,18372.99
2025-03-03,18350.19,18923.36,18992.30,18216.63
2025-03-04,18285.16,18176.43,18589.49,17956.60
2025-03-05,18552.73,18312.97,18604.47,18144.73
2025-03-06,18069.26,18204.53,18439.24,17980.39
2025-03-07,18196.22,18029.85,18243.58,17768.59
2025-03-10,17468.32,17840.32,17868.07,17291.82
2025-03-11,17436.10,17443.09,17687.40,17238.24
2025-03-12,17648.45,17711.41,17800.10,17436.27
2025-03-13,17303.01,17598.56,17621.91,17239.44
2025-03-14,17754.09,17523.30,17773.48,17491.08
2025-03-17,17808.66,17722.55,17925.94,17645.87
2025-03-18,17504.12,17662.57,17682.92,17431.67
2025-03-19,17750.79,17590.12,17917.54,17533.94
2025-03-20,17691.63,17586.06,17903.20,17576.82
2025-03-21,17784.05,17519.84,17798.06,17474.81
2025-03-24,18188.59,18046.18,18210.05,18030.68
2025-03-25,18271.86,18207.97,18281.13,18170.42
2025-03-26,17899.01,18217.33,18236.55,17837.26
2025-03-27,17804.03,17811.24,17988.02,17743.80
2025-03-28,17322.99,17722.09,17763.28,17283.06
2025-03-31,17299.29,17045.44,17334.98,16854.37
2025-04-01,17449.89,17221.55,17506.58,17149.36
2025-04-02,17601.05,17207.01,17716.52,17181.27
2025-04-03,16550.61,16790.53,16889.34,16533.04
2025-04-04,15587.79,16045.60,16128.16,15575.68
2025-04-07,15603.26,14978.03,16292.28,14784.03
2025-04-08,15267.91,16181.04,16316.51,15053.39
2025-04-09,17124.97,15295.44,17202.94,15270.28
2025-04-10,16387.31,16635.45,16712.37,15894.26
2025-04-11,16724.46,16358.53,16753.41,16228.04
2025-04-14,16831.48,17120.44,17136.55,16661.26
2025-04-15,16823.17,16842.39,16979.96,16753.22
2025-04-16,16307.16,16499.69,16600.36,16066.46
2025-04-17,16286.45,16399.97,16408.51,16181.17
2025-04-21,15870.90,16052.76,16066.79,15685.33
2025-04-22,16300.42,16079.94,16410.56,16038.73
2025-04-23,16708.05,16880.29,17029.86,16642.66
2025-04-24,17166.04,16754.76,17174.35,16744.97
2025-04-25,17382.94,17182.11,17404.49,17110.72
2025-04-28,17366.13,17390.93,17467.35,17128.71
2025-04-29,17461.32,17270.76,17500.41,17256.20
2025-04-30,17446.34,17099.98,17483.82,16959.53
2025-05-01,17710.74,17793.14,17922.83,17688.10
2025-05-02,17977.73,17868.76,18048.83,17812.05
2025-05-05,17844.24,17817.01,17965.64,17792.08
2025-05-06,17689.66,17623.21,17830.35,17592.88
2025-05-07,17738.16,17706.83,17820.30,17503.01
2025-05-08,17928.14,17920.15,18096.00,17776.00
2025-05-09,17928.92,18022.55,18068.90,17853.84
2025-05-12,18708.34,18674.55,18710.22,18472.71
2025-05-13,19010.08,18761.23,19065.96,18745.50
2025-05-14,19146.81,19074.72,19174.55,19023.61
2025-05-15,19112.32,19031.24,19207.22,18967.78
2025-05-16,19211.10,19151.54,19213.42,19038.48
2025-05-19,19215.46,18937.42,19227.22,18937.42
2025-05-20,19142.71,19132.06,19186.68,19015.63
2025-05-21,18872.64,19002.94,19241.41,18799.20
2025-05-22,18925.73,18888.05,19061.11,18840.34
2025-05-23,18737.21,18622.38,18841.52,18599.69
2025-05-27,19199.16,19014.44,19210.95,18961.69
2025-05-28,19100.94,19232.62,19276.83,19084.38
2025-05-29,19175.87,19389.39,19389.39,19091.54
2025-05-30,19113.77,19131.22,19157.78,18847.74
2025-06-02,19242.61,19063.06,19252.71,18985.30
2025-06-03,19398.96,19288.66,19459.28,19224.70
2025-06-04,19460.49,19434.94,19493.45,19359.09
2025-06-05,19298.45,19518.20,19610.51,19226.22
2025-06-06,19529.95,19526.99,19593.18,19464.84
2025-06-09,19591.24,19573.14,19637.56,19531.10
2025-06-10,19714.99,19620.11,19730.38,19539.09
2025-06-11,19615.88,19779.35,19800.46,19551.34
2025-06-12,19662.48,19578.87,19690.61,19553.56
2025-06-13,19406.83,19450.92,19591.87,19367.42
2025-06-16,19701.21,19550.75,19733.31,19550.75
2025-06-17,19521.09,19627.08,19666.56,19485.44
2025-06-18,19546.27,19526.92,19660.77,19489.56
2025-06-20,19447.41,19639.41,19696.11,19380.58
2025-06-23,19630.97,19427.01,19643.70,19334.98
2025-06-24,19912.53,19809.61,19946.72,19795.29
2025-06-25,19973.55,20013.95,20052.78,19918.08
2025-06-26,20167.91,20062.19,20187.15,19982.48
2025-06-27,20273.46,20217.26,20311.51,20095.05
2025-06-30,20369.73,20360.15,20418.31,20266.36
2025-07-01,20202.89,20290.61,20339.05,20105.42
2025-07-02,20393.13,20184.37,20397.22,20181.74
2025-07-03,20601.10,20497.66,20624.51,20480.22
2025-07-07,20412.52,20490.55,20511.82,20323.02
2025-07-08,20418.46,20466.93,20480.89,20377.35
2025-07-09,20611.34,20522.09,20645.41,20486.38
2025-07-10,20630.66,20636.48,20655.39,20495.14
2025-07-11,20585.53,20562.88,20647.98,20509.75
2025-07-14,20640.33,20592.56,20672.34,20492.63
2025-07-15,20677.80,20822.76,20836.04,20670.58
2025-07-16,20730.49,20717.81,20751.05,20507.06
2025-07-17,20885.65,20760.32,20911.83,20735.55
2025-07-18,20895.66,20959.57,20980.56,20846.12
2025-07-21,20974.17,20960.33,21077.37,20957.44
2025-07-22,20892.68,20982.21,20985.34,20750.90
2025-07-23,21020.02,20966.47,21023.85,20870.67
2025-07-24,21057.96,21083.82,21113.10,21001.68
2025-07-25,21108.32,21059.94,21159.80,21036.85
2025-07-28,21178.58,21176.40,21202.18,21122.12
2025-07-29,21098.29,21286.73,21303.96,21081.69
2025-07-30,21129.67,21140.40,21230.88,21016.92
2025-07-31,21122.45,21457.48,21457.48,21078.67
2025-08-01,20650.13,20830.64,20865.63,20560.17
2025-08-04,21053.58,20853.91,21055.24,20833.86
2025-08-05,20916.55,21092.10,21138.72,20893.29
2025-08-06,21169.42,20955.22,21183.88,20937.49
2025-08-07,21242.70,21325.01,21408.15,21090.05
2025-08-08,21450.02,21316.37,21464.53,21284.97
2025-08-11,21385.40,21459.65,21549.73,21346.62
2025-08-12,21681.90,21507.44,21689.68,21386.25
2025-08-13,21713.14,21764.55,21803.75,21645.14
2025-08-14,21710.67,21649.21,21766.29,21627.13
2025-08-15,21622.98,21709.34,21716.18,21567.46
2025-08-18,21629.77,21616.82,21651.50,21559.33
2025-08-19,21314.95,21607.45,21610.24,21277.71
2025-08-20,21172.86,21269.67,21269.67,20905.99
2025-08-21,21100.31,21112.52,21198.76,21013.53
2025-08-22,21496.53,21139.83,21545.43,21092.35
2025-08-25,21449.29,21466.47,21572.18,21400.08
2025-08-26,21544.27,21443.63,21550.92,21389.10
2025-08-27,21590.14,21526.33,21616.17,21476.30
2025-08-28,21705.16,21619.27,21742.46,21534.94
2025-08-29,21455.55,21630.33,21631.15,21397.98
2025-09-02,21279.63,21086.58,21293.69,21033.05
2025-09-03,21497.73,21461.63,21553.98,21370.98
2025-09-04,21707.69,21539.91,21711.96,21469.40
2025-09-05,21700.39,21860.44,21878.81,21534.73
2025-09-08,21798.70,21806.22,21885.62,21776.24
2025-09-09,21879.49,21858.17,21891.42,21731.48
2025-09-10,21886.06,21980.60,22000.97,21810.84
2025-09-11,22043.07,21977.51,22059.71,21908.81
2025-09-12,22141.10,22078.63,22182.34,22031.62
2025-09-15,22348.75,22243.20,22352.25,22233.00
2025-09-16,22333.96,22397.50,22397.50,22308.78
2025-09-17,22261.33,22333.02,22339.54,22058.92
2025-09-18,22470.73,22439.11,22540.93,22358.49
2025-09-19,22631.48,22554.32,22645.11,22497.71
2025-09-22,22788.98,22606.59,22801.90,22590.86
2025-09-23,22573.47,22782.72,22785.13,22539.04
2025-09-24,22497.85,22656.02,22657.45,22397.00
2025-09-25,22384.70,22318.77,22456.78,22185.87
2025-09-26,22484.07,22403.27,22488.18,22285.44
2025-09-29,22591.15,22605.30,22704.90,22536.06
2025-09-30,22660.01,22580.36,22671.39,22493.96
2025-10-01,22755.16,22530.95,22782.58,22516.74
2025-10-02,22844.05,22885.90,22900.60,22729.75
2025-10-03,22780.51,22886.16,22925.43,22695.82
2025-10-06,22941.67,22894.35,22991.72,22827.56
2025-10-07,22788.36,22972.37,23006.07,22718.76
2025-10-08,23043.38,22852.32,23045.14,22845.42
2025-10-09,23024.63,23045.33,23062.62,22899.16
2025-10-10,22204.43,23043.52,23119.91,22193.07
2025-10-13,22694.61,22578.67,22718.75,22499.49
2025-10-14,22521.70,22388.04,22691.07,22213.73
2025-10-15,22670.08,22738.50,22841.69,22427.79
